333007591879884802	242520444	levaquin-518d891bac6ab35b4d481e06
344616533332467713	173701851	vyvanse-51b7c4c75378b9555a2f1ab8
344630199217958912	385562257	vyvanse-51b7d1815378b9555a2f1b0c
342117282585133056	1110475417	cymbalta-51aead545378f924d02efd7c
333102549362176001	356547564	seroquel-518de18bac6ab35b4d482156
329517384106913792	866911130	venlafaxine-5180d699ac6af778c20417bb
342662725165543426	1338597000	quetiapine-51b0a9535378b9555a2ef4c1
333697653349179393	479854353	ziprasidone-51900bc7ac6ab35b4d4836c6
344231834302939136	211797868	seroquel-51b65e8b5378b9555a2f1345
351446999637299200	1061562434	seroquel-51d09e2a53785f584a9ae686
347199186548166656	1521143658	seroquel-51c12a1953785f584a9a79c4
347733883208486912	31048863	seroquel-51c31c0953785f584a9a8724
348262745730338817	97567146	rivaroxaban-51c5089353785f584a9a91e5
349644702485716992	50176221	paxil-51ca0f9f53785f584a9ac1a1
344983576493817856	466206030	cymbalta-51b91b005378b9555a2f22cd
333524388286713856	866911130	venlafaxine-518f6a69ac6ab35b4d4830d7
333960519964819458	39386820	venlafaxine-51910097ac6ab35b4d484183
342031084290203649	499413469	effexor-51ae5cef5378f924d02efa4a
326665428493557760	23315993	quetiapine-51767682ac6a202953c770ad
343743356163207169	378286503	vyvanse-51b497915378b9555a2f0b54
344469944613875712	47189853	humira-51b73ce15378b9555a2f1755
342452289723850753	326555108	vyvanse-51afe5765378b9555a2ef055
331092970457681921	430250458	lamotrigine-518691faac6a942006b3b3ce
340307896074133504	918098096	nicotine-51a8183353787e40790dec88
351082980330045440	314910038	levaquin-51cf4b2053785f584a9ae001
341638796292550657	82433028	vyvanse-51acef9353784695b04c00a8
333185474300620800	39844213	lamotrigine-518e2ec6ac6ab35b4d4823af
345655759767482369	1351058880	humira-51bb8ca55378b9555a2f305d
340331870745149440	456299787	nicotine-51a82e6053787e40790ded3f
341903484242784256	815448026	enbrel-51ade60e5378f924d02ef547
345241637078847489	320440672	cipro-51ba0af35378b9555a2f2722
332241130353745920	69772809	trazodone-518abf49ac6a942006b3f03b
351133278692057088	1061562434	seroquel-51cf79f853785f584a9ae10b
352869424174342144	41850242	cipro-51d5cae853785f584a9b0c36
342380499802681344	624198613	olanzapine-51afa24f5378b9555a2eeece
330045611476938753	177700552	vyvanse-5182c28cac6a942006b38523
343051602833330176	19766711	venlafaxine-51b213525378b9555a2efe62
333675186622701570	36100296	paroxetine-518ff6daac6ab35b4d483604
351523524277579776	28052615	humira-51d0e56a53785f584a9ae8ef
351455090193858560	506609271	olanzapine-51d0a5ad53785f584a9ae6b5
327323676317974528	1026760129	olanzapine-5178db8cac6af778c20378e2
333790777761218560	27831086	paxil-51906281ac6ab35b4d483a4d
341332687891611649	271082065	boniva-51abd29553787e40790e07b4
340328381679812608	494325849	paroxetine-51a82b2053787e40790ded1b
341954130228674560	27344425	vyvanse-51ae153e5378f924d02ef71c
339788673040121857	1161578864	nicotine-51a6347b5378d08eec906c9b
341262613616943104	450695228	olanzapine-51ab913c53787e40790e05bc
333744558200475648	1327900596	fluoxetine-51903776ac6ab35b4d483870
344551845043245056	39844213	olanzapine-51b788b15378b9555a2f18af
351679516072087552	16729402	pristiq-51d1771953785f584a9aee30
332273658179493889	1398739016	trazodone-518add94ac6ab35b4d47faff
354290144402092033	1520548033	lamotrigine-51daf60753785f584a9b20ad
343362848266797057	195124494	venlafaxine-51b335fd5378b9555a2f056b
350471561234485248	83744370	effexor-51cd11eb53785f584a9ad256
340686873942966273	238286010	cymbalta-51a978ff53787e40790df827
341657848503226369	500442723	lamictal-51ad017f5378f924d02eee1c
349684697766440960	112301733	seroquel-51ca34df53785f584a9ac251
340638766215622656	66038872	effexor-51a94c3153787e40790df711
343255424683892736	145674384	vyvanse-51b2d1285378b9555a2f0263
351612615128133633	801683276	fluoxetine-51d1386253785f584a9aec0f
354178409426993153	250201000	quetiapine-51da8df853785f584a9b1f33
344453727299702785	371617192	vyvanse-51b72d3c5378b9555a2f1719
341873958007738369	51028602	cipro-51adcc105378f924d02ef47a
340448348303663104	140576205	prozac-51a89ada53787e40790df023
347521087304785920	97567146	rivaroxaban-51c255e553785f584a9a81da
341317871877648385	32655101	lamotrigine-51abc4a953787e40790e073f
345036111376183296	1470977300	lamotrigine-51b94b8a5378b9555a2f23be
345783011658313729	457960041	effexor-51bc034b5378b9555a2f31f9
343836978212642817	35401008	cymbalta-51b4ef085378b9555a2f0cad
351399936551690240	30042969	tysabri-51d0725853785f584a9ae52c
331084316740304898	19540826	fluoxetine-518689ebac6a942006b3b2dc
340690595683106816	49252125	trazodone-51a97c7653787e40790df839
342119329690681344	418333365	viibryd-51aeaf205378f924d02efd9e
342341320465076225	223379391	venlafaxine-51af7dd15378f924d02f055f
341695280397291520	407377848	vyvanse-51ad24305378f924d02eef5e
345018750845734913	258818833	vyvanse-51b93b5f5378b9555a2f2364
329832584282513408	14149423	trazodone-5181fc26ac6a942006b37d24
344446908271570944	1128357733	xarelto-51b726cd5378b9555a2f16f2
342197181085782016	330036056	seroquel-51aef80e5378f924d02f004c
329515653251883008	39844213	lamotrigine-5180d4fcac6af778c20417a7
343923205213392896	1447954382	seroquel-51b53f105378b9555a2f0ddc
343647552094224384	1470977300	lamictal-51b43e585378b9555a2f0a26
352544481175801856	72860003	quetiapine-51d49c6553785f584a9b03d8
344898461449199618	372516011	vyvanse-51b8cb585378b9555a2f20fc
340345154877673473	1395716358	nicotine-51a83ac553787e40790ded94
340345183008870400	412529214	nicotine-51a83ac553787e40790ded95
340694457827618816	275355552	cymbalta-51a9802653787e40790df84e
331731913159081985	27952128	quetiapine-5188e50aac6a942006b3d905
346097617819799552	326446313	xarelto-51bd28475378b9555a2f3697
351514109889617920	218015741	quetiapine-51d0dcbf53785f584a9ae8ae
340112238746685441	952219584	nicotine-51a761d35378d08eec907539
330406681496395777	1026760129	olanzapine-518412d2ac6a942006b39688
345725882620579841	15891806	quetiapine-51bbce005378b9555a2f3163
333358524274987008	18610619	pregabalin-518ecff0ac6ab35b4d482ac4
341690963808370690	388286396	prozac-51ad20205378f924d02eef2d
332545540216729601	1333209086	venlafaxine-518bdacaac6ab35b4d4807a6
349184717410684928	270496365	seroquel-51c8633b53785f584a9ab4b5
329345839392751616	18877370	trazodone-518036d5ac6af778c20406ea
342843798554046464	17248031	pristiq-51b151f35378b9555a2ef8f9
329729190993747968	463886517	venlafaxine-51819bdcac6a942006b378e7
348986300742909952	597095576	effexor-51c7aaba53785f584a9aae74
349182910127038464	532685644	lamotrigine-51c8618c53785f584a9ab491
332115528632127489	866911130	venlafaxine-518a4a4fac6a942006b3ea6f
341240191375245312	16819090	effexor-51ab7c9053787e40790e0528
343602709519273985	12135892	pristiq-51b414945378b9555a2f09ac
340359703513157632	440861708	nicotine-51a8484b53787e40790dedf7
341025218204147712	36639869	fluoxetine-51aab41a53787e40790e00d3
353477521070751744	923461333	quetiapine-51d8013753785f584a9b14e5
342128993094496257	1058232457	seroquel-51aeb8165378f924d02efe08
348146788143861760	22513648	effexor-51c49c9553785f584a9a8f55
331842963699286016	15011089	quetiapine-51894c76ac6a942006b3de66
340273617654923265	543842289	nicotine-51a7f82253787e40790deb6c
341140203810992128	1026760129	olanzapine-51ab1f3153787e40790e032f
342744900044980225	19608605	vyvanse-51b0f5e45378b9555a2ef729
333878722874707968	45681054	venlafaxine-5190b469ac6ab35b4d483e35
349507022057766912	93261585	venlafaxine-51c98f8553785f584a9abeec
333787466597285888	558304467	baclofen-51905f6cac6ab35b4d483a24
342892952022048768	1058378328	vyvanse-51b17fb25378b9555a2efa25
350722228662435841	30042969	tysabri-51cdfb3c53785f584a9ad7d8
349418881426788352	108433481	humira-51c93d5753785f584a9abd0e
342637586717765633	1040953831	seroquel-51b092ad5378b9555a2ef425
341740363968548865	737074848	vyvanse-51ad4e225378f924d02ef0df
330016889487110145	1026760129	olanzapine-5182a7ccac6a942006b383dd
341176359953002497	246722425	seroquel-51ab40de53787e40790e03c9
342013591882457089	22039666	vyvanse-51ae4c995378f924d02ef985
350891051063574529	237310180	humira-51ce986853785f584a9adb32
353102470534279169	71475416	quetiapine-51d6a3ec53785f584a9b10a1
342232503395962880	616994833	quetiapine-51af18a65378f924d02f013e
332480409654943744	42299706	cymbalta-518b9e21ac6ab35b4d4803cd
340977425435471874	1358660101	effexor-51aa87b453787e40790dff5e
346677268946501632	1278705319	quetiapine-51bf44005378b9555a2f3fdd
340503446417469441	1446928520	trazodone-51a8ce2b53787e40790df207
344811607156723713	1485480451	vyvanse-51b87a745378b9555a2f1e92
340300895780757504	534941422	nicotine-51a8118653787e40790dec4b
333777894822248449	522929554	boniva-51905682ac6ab35b4d4839d1
345390703238594560	519929106	cymbalta-51ba95c75378b9555a2f2a46
351577305480564737	23307886	effexor-51d1178053785f584a9aead5
350779886958424065	90753103	seroquel-51ce32b353785f584a9ad8d2
353061971907723266	1381283688	venlafaxine-51d67e6253785f584a9b1042
344205804322304001	321617076	vyvanse-51b646415378b9555a2f12bc
340300906463649793	1050991652	prozac-51a8119d53787e40790dec4c
350859685227798531	1460971	humira-51ce7b2a53785f584a9ada67
347165168804966400	97567146	rivaroxaban-51c10a6153785f584a9a78ed
345052662800191489	567861330	vyvanse-51b95afa5378b9555a2f2403
350167875132194816	270496365	paxil-51cbf6de53785f584a9acc31
333422979587395584	33171983	seroquel-518f0bf7ac6ab35b4d482d4c
358295661797572610	12663472	zyprexa-51e988855378704aae89283d
348376394746695680	103329264	effexor-51c5729953785f584a9a945a
326817604373200896	473222285	quetiapine-5177043bac6af778c2036301
332761628544229376	72103390	duloxetine-518ca409ac6ab35b4d4812bc
341351963583201282	51879246	cymbalta-51abe47553787e40790e081c
344826281612935168	16463462	trazodone-51b888645378b9555a2f1ec1
344050856792043520	346347597	vyvanse-51b5b5f35378b9555a2f0f68
344936446702022658	55270931	humira-51b8eebf5378b9555a2f21e3
332070396104953857	373672404	paxil-518a2046ac6a942006b3e8aa
342474245466636290	1066198951	trazodone-51aff99d5378b9555a2ef0ea
345762127270793217	67622365	seroquel-51bbefb25378b9555a2f31c6
342318826886676480	418476118	vyvanse-51af68df5378f924d02f0465
344384631027675136	715003	tysabri-51b6eccd5378b9555a2f1614
341530146165104641	116942462	cipro-51ac8a5a53787e40790e0bd1
342084395622084608	1476054312	seroquel-51ae8e8a5378f924d02efc65
330757789905457154	17794636	ofloxacin-518559d1ac6a942006b3a1f3
328529078753845248	39844213	lamotrigine-517d3e2bac6af778c203ac71
352144946549108737	27486225	lamictal-51d3283853785f584a9afb4e
350042686507581440	1167637656	humira-51cb824753785f584a9ac931
340260393526104064	198037491	nicotine-51a7ebce53787e40790deaf7
342616665252589568	454463750	vyvanse-51b07e415378b9555a2ef3b7
343499670053584896	95510809	vyvanse-51b3b5975378b9555a2f0881
341991007174414336	251232746	vyvanse-51ae37905378f924d02ef8a7
347124997317345280	35295249	quetiapine-51c0e4f753785f584a9a7829
348910622882271233	1198108447	metoprolol-51c763f553785f584a9aabed
340259370577317890	453151042	nicotine-51a7eada53787e40790deacf
333893811094835200	42289251	fluoxetine-5190c276ac6ab35b4d483eae
329161381788127233	866911130	venlafaxine-517f8b0bac6af778c203e1ed
350636755659141121	1523189252	seroquel-51cdab9d53785f584a9ad59a
344108262645460992	1193224496	vyvanse-51b5eeb85378b9555a2f1071
353580369704017920	218634288	tysabri-51d862ca53785f584a9b1636
348569764618186753	43338677	effexor-51c6268253785f584a9aa0d3
346418587210244097	1338597000	quetiapine-51be53425378b9555a2f3b31
341947752005107713	90304006	vyvanse-51ae0f655378f924d02ef6dc
343843096389353472	450987011	vyvanse-51b4f4995378b9555a2f0cd3
342106074838597633	40107138	humira-51aea2bb5378f924d02efcff
342113962495721472	69778842	vyvanse-51aeaa3a5378f924d02efd3e
349208893144043523	1031839422	paxil-51c879bf53785f584a9ab58b
341784793559752704	428012151	vyvanse-51ad77b25378f924d02ef23c
348296500692017152	97567146	rivaroxaban-51c5280353785f584a9a9289
343539966657327105	422317244	cymbalta-51b3da255378b9555a2f08ea
333034270115377153	345083135	trazodone-518da1f4ac6ab35b4d481edf
326398829849092097	1295660917	fluoxetine-51757e37ac6a202953c76470
349084992611164160	135627441	humira-51c8067153785f584a9ab1b4
350275755235741696	37736362	cipro-51cc5b9153785f584a9ace64
345964683720814592	437186950	paxil-51bcac7e5378b9555a2f3477
347620121323372545	53854229	effexor-51c2b21653785f584a9a846d
334024264187523074	106099582	cipro-51913bf5ac6ad74cd505f133
333199163514843137	39844213	lamotrigine-518e3b85ac6ab35b4d48242e
332149585260716033	108398967	prozac-518a6a07ac6a942006b3ebce
341767317392326659	293191460	humira-51ad673d5378f924d02ef1b1
351605957421309952	39844213	quetiapine-51d1323d53785f584a9aebdc
340212184988659712	959339838	nicotine-51a7bf205378d3291bdcefc8
344106817900646401	313061467	vyvanse-51b5ea1a5378b9555a2f1061
342051382880247808	144380525	vyvanse-51ae6fd35378f924d02efb28
341656590757277696	325600708	vyvanse-51ad001d5378f924d02eee15
331004479497465857	14856861	fluoxetine-51863f90ac6a942006b3abaa
351164048915693569	272538502	effexor-51cf96a253785f584a9ae194
349200053262508033	420700779	seroquel-51c871c153785f584a9ab546
343826721545527298	97567146	rivaroxaban-51b4e53a5378b9555a2f0c87
347305520585121793	428672434	geodon-51c18d1753785f584a9a7c29
340613526244704256	1468271401	effexor-51a9351653787e40790df69e
341606023297134592	86589606	vyvanse-51acd11e53784695b04bff8a
353503396331921409	15657496	paxil-51d8195053785f584a9b1527
332660233929367552	232694345	cymbalta-518c459bac6ab35b4d480e92
332978332679409665	25173368	quetiapine-518d6ddbac6ab35b4d481c99
340529630492639232	14690653	prozac-51a8e69653787e40790df2e4
342160820739915776	747412075	vyvanse-51aed5bb5378f924d02eff34
329560003147087873	352189710	quetiapine-5180fe4aac6af778c2041913
328962220069371905	1254598380	quetiapine-517ed18fac6af778c203d950
342161425730510848	221487606	vyvanse-51aed6475378f924d02eff41
348622833217318912	366943534	lamictal-51c6582353785f584a9aa276
352807680508837889	107429408	paxil-51d5916053785f584a9b0aff
342248119687331841	265889135	venlafaxine-51af27055378f924d02f01c9
345391029731606529	1187577733	cymbalta-51ba96485378b9555a2f2a4b
342984510918500352	373577359	seroquel-51b1d4dd5378b9555a2efc79
332983321187471361	731243232	fluoxetine-518d7281ac6ab35b4d481cd6
349659449692139520	45681054	quetiapine-51ca1d5c53785f584a9ac1e3
349178019979603970	5353802	effexor-51c85cfe53785f584a9ab461
351543533779419138	870982284	effexor-51d0f80c53785f584a9ae9b7
329669841520836608	39844213	lamotrigine-51816496ac6af778c2041e64
349892793587613697	52850909	paxil-51caf6ad53785f584a9ac64f
336971197185146882	37536593	venlafaxine-519bf4c5ac6af7f8f08011b7
351474792215494656	219306590	paxil-51d0b80753785f584a9ae75f
341890864739663872	44164174	vyvanse-51adda4d5378f924d02ef4ed
351492291271213056	227548532	humira-51d0c86a53785f584a9ae7fc
340217407362715649	363820591	nicotine-51a7c3f15378d3291bdceff6
342725404320210944	27952128	quetiapine-51b0e3975378b9555a2ef699
352138946559479808	212201800	enbrel-51d3237153785f584a9afb10
340474716039020545	77977086	effexor-51a8b36953787e40790df10f
340944956237692928	620474342	trazodone-51aa697953787e40790dfe36
342113162528690178	202725712	pristiq-51aea9545378f924d02efd35
347488934407852032	472475366	seroquel-51c237e853785f584a9a8103
328464211007111171	125303724	olanzapine-517d01c1ac6af778c203aa02
349785645192982528	495060869	cipro-51ca92e353785f584a9ac471
346242584366161920	323112996	cipro-51bdaf275378b9555a2f3804
344594372345622528	285978773	vyvanse-51b7b0235378b9555a2f1a4a
341919706502029313	385227258	seroquel-51adf5295378f924d02ef5b9
342360890932350976	23494768	vyvanse-51af901d5378f924d02f0634
327790926812561409	624198613	olanzapine-517a8eb5ac6af778c2038b78
343266557956333568	252436603	vyvanse-51b2dbe75378b9555a2f02af
358350698636775424	466721358	vyvanse-51e9bc2f5378704aae892973
340329390070173696	267106317	nicotine-51a82c1053787e40790ded23
332511485043548162	1038937922	effexor-518bbb12ac6ab35b4d4805aa
344501930900484097	97567146	rivaroxaban-51b75a225378b9555a2f17d3
348900699217739776	334306198	enbrel-51c75ade53785f584a9aab9a
329969145821163520	1389069804	fluoxetine-51827b55ac6a942006b381b3
345579566951198722	17681451	viibryd-51bb45b45378b9555a2f2e67
344457086429708290	100978003	cymbalta-51b7304e5378b9555a2f1725
341779643747143681	137093363	trazodone-51ad72b85378f924d02ef219
342294447725375488	534886413	vyvanse-51af522a5378f924d02f0365
341962640240828417	1146160459	lamictal-51ae1d255378f924d02ef785
346349207214510080	17681451	effexor-51be13005378b9555a2f39d1
347542434500206592	220746552	lamictal-51c269e053785f584a9a8244
333249805876883456	33171983	seroquel-518e6ab0ac6ab35b4d482646
347632066566955008	514421114	seroquel-51c2bd3653785f584a9a84df
328219079762653184	39844213	lamotrigine-517c1d75ac6af778c2039dea
342482908101111810	576816163	seroquel-51b001bf5378b9555a2ef12b
341813665302990848	1449735685	prozac-51ad92775378f924d02ef328
343355160136933377	177459624	vyvanse-51b32e085378b9555a2f0528
343771158736404481	591590058	vyvanse-51b4b1765378b9555a2f0b9e
349674261251764224	42313195	seroquel-51ca2b4153785f584a9ac232
353912194167087107	376805633	cipro-51d9960953785f584a9b1a51
342643910436335617	1005675397	vyvanse-51b097bf5378b9555a2ef457
342222086913261568	20973255	olanzapine-51af0ed25378f924d02f00fa
344600649050243073	478079124	vyvanse-51b7b5fe5378b9555a2f1a6d
340446614231588864	58795534	paxil-51a8996853787e40790df014
351111188026896384	53771398	venlafaxine-51cf656553785f584a9ae065
334024708200751104	246961114	geodon-51913c5fac6ad74cd505f137
350167409312800768	1374146502	effexor-51cbf66f53785f584a9acc2d
351610554005209089	1557554906	seroquel-51d1367753785f584a9aebff
343283285671170048	67143721	seroquel-51b2eb415378b9555a2f033f
351490248078929920	262479833	effexor-51d0c66c53785f584a9ae7e5
332142355593437184	62062809	prozac-518a634bac6a942006b3eb89
342057223196930048	145693375	paxil-51ae75665378f924d02efb5e
348547723034771457	973372578	effexor-51c611fb53785f584a9aa00f
343614935055613952	27914921	levaquin-51b41ff75378b9555a2f09cc
345549207278592001	272472024	lamotrigine-51bb29665378b9555a2f2da8
341941862883545089	406578715	vyvanse-51ae09cb5378f924d02ef695
341254984349908994	1026760129	olanzapine-51ab8a4c53787e40790e0596
358354458083729408	80711423	paxil-51e9bf395378704aae892985
341353517811900416	73806572	metoprolol-51abe5e853787e40790e0828
329643623660519424	1339675818	fluoxetine-51814c2bac6af778c2041d34
354321976845807617	1336577137	enbrel-51db13ad53785f584a9b21c3
341964046477688832	494188912	prozac-51ae1e775378f924d02ef790
343656563547967488	320620781	fluoxetine-51b446e25378b9555a2f0a41
330410314317316097	18898383	fluoxetine-51841634ac6a942006b396ad
353360876373409795	1347526658	effexor-51d7949453785f584a9b13eb
354458322214191104	260750563	paxil-51db92b253785f584a9b2408
332473148018663424	360320685	trazodone-518b975eac6ab35b4d480369
342305559216807936	261823075	seroquel-51af5c8c5378f924d02f03d6
351523364428451840	121213096	humira-51d0e54353785f584a9ae8ed
340366862602862593	388343933	nicotine-51a84f2453787e40790dee12
343375837929807872	238286010	cymbalta-51b3414a5378b9555a2f05c0
342579514636902403	82193935	effexor-51b05ba85378b9555a2ef2f0
340313583827156992	795302688	nicotine-51a81d7253787e40790decbe
345293061229772800	372516011	vyvanse-51ba3ad85378b9555a2f2871
354092257533632512	1555078868	paxil-51da3dbb53785f584a9b1e31
349612359658110976	351057921	fluoxetine-51c9f19a53785f584a9ac0e2
327147666570108928	39844213	quetiapine-517837a0ac6af778c203714f
342616686375100416	469575738	effexor-51b07e9b5378b9555a2ef3b9
333998630220476418	12602362	cymbalta-51912415ac6ab35b4d4843ac
341767085216645120	289096178	vyvanse-51ad67055378f924d02ef1ad
345318152424546304	1338597000	quetiapine-51ba526f5378b9555a2f28f5
349428920552136704	44610616	paxil-51c946c253785f584a9abd4e
345286735330177024	22864995	seroquel-51ba34f35378b9555a2f2852
347423789698654209	1405266404	humira-51c1fb3d53785f584a9a7f19
352682252943097858	1382119566	baclofen-51d51ca353785f584a9b07c2
341063755989409792	175139007	seroquel-51aad7ff53787e40790e01dd
342501416755163137	468991412	vyvanse-51b012f25378b9555a2ef1a7
331437863528972288	1026760129	olanzapine-5187d32fac6a942006b3cc9f
346773119140233217	38114999	effexor-51bf9d7e5378b9555a2f4231
347410750572228608	143134020	paxil-51c1ef1853785f584a9a7ed5
340660708364677120	135964180	levaquin-51a960f853787e40790df788
342344675572727811	45282872	zyprexa-51af80f15378f924d02f0589
348412032049106944	28344264	fluoxetine-51c5939c53785f584a9a94f9
330755655256379393	624198613	olanzapine-518557d4ac6a942006b3a1d9
340903633312960512	32655101	lamotrigine-51aa42e553787e40790dfd56
328597011970551808	15357223	fluoxetine-517d7d6fac6af778c203af6b
353158902520619010	218015741	quetiapine-51d6d87a53785f584a9b1133
351163750826524672	1061562434	seroquel-51cf965953785f584a9ae191
341294461986430977	101918006	effexor-51abaedb53787e40790e068f
343745558382522369	65611610	paxil-51b4999e5378b9555a2f0b5e
345410371047260163	1061562434	seroquel-51baa8645378b9555a2f2b0b
329211485068881920	32883834	fluoxetine-517fb9b5ac6af778c203ea8c
342898590747881472	301791470	vyvanse-51b184e45378b9555a2efa41
333777166175186944	15704836	boniva-519055d4ac6ab35b4d4839c8
351476009989705728	219306590	paxil-51d0b92953785f584a9ae76d
349607304951373826	272231395	paxil-51c9ecd253785f584a9ac0c4
342304451605962752	307418218	effexor-51af5b7c5378f924d02f03c9
340253546513584128	21114388	nicotine-51a7e58853787e40790deaa8
354334544473751552	339220082	quetiapine-51db1f6b53785f584a9b2208
344872069089075200	590500788	vyvanse-51b8b2db5378b9555a2f2021
342228877445316609	472475366	seroquel-51af15195378f924d02f0127
344204109789933568	336085406	vyvanse-51b644ba5378b9555a2f12a1
332882069376086016	1187848308	seroquel-518d1434ac6ab35b4d4817be
339846013877624832	22076622	nicotine-51a669e25378d08eec906e55
344299543527051264	631478000	cymbalta-51b69d8e5378b9555a2f14b0
351490204550447105	227548532	humira-51d0c66c53785f584a9ae7e4
333684960886157312	422970965	trazodone-518ffff4ac6ab35b4d48365c
351724300887273472	15430487	ofloxacin-51d1a07e53785f584a9aef60
342891051788402688	357638710	vyvanse-51b17dcd5378b9555a2efa1b
341115149723250688	323112996	cipro-51ab07fc53787e40790e02c6
342088936824393728	149306054	vyvanse-51ae92d85378f924d02efc82
333467863526563840	185404032	seroquel-518f35c5ac6ab35b4d482f24
336982086747561986	633349475	paxil-519bfea5ac6af7f8f08011fa
333708855701803010	21719350	cymbalta-51901635ac6ab35b4d483729
344757173085151232	1411981832	vyvanse-51b847c25378b9555a2f1d40
344764641404145664	585971191	vyvanse-51b84f225378b9555a2f1d5b
347814900548132865	428650003	venlafaxine-51c3678a53785f584a9a8906
341704795096219648	107161142	humira-51ad2d195378f924d02eefb4
342210117292392448	1338597000	quetiapine-51af03a05378f924d02f009f
343924083425161216	15787412	vyvanse-51b53fe25378b9555a2f0de4
350606045862830080	45681054	quetiapine-51cd8ef553785f584a9ad4e4
342560740818948096	170878649	cymbalta-51b04a2c5378b9555a2ef2a2
331087510249828353	631357943	venlafaxine-51868ce4ac6a942006b3b33a
332778502946426880	24377539	fluoxetine-518cb3c0ac6ab35b4d481361
348662789964972032	1514770712	paxil-51c67d2553785f584a9aa3d3
345455189119102976	328440600	lamictal-51bad1e75378b9555a2f2bc3
349190810044096512	375110726	humira-51c868e753785f584a9ab4f3
347260952837754880	273421529	quetiapine-51c1639553785f584a9a7b79
342452668922462208	412710354	paxil-51afe5c35378b9555a2ef059
342900290787373056	497418157	vyvanse-51b186665378b9555a2efa4c
342449187138449409	1460971	tysabri-51afe2475378b9555a2ef048
352596786940100609	63560400	vyvanse-51d4ccf753785f584a9b04db
340291748402192384	365392623	nicotine-51a8090153787e40790dec01
340360304531734529	60107522	cymbalta-51a8493353787e40790dedfa
348698825512321024	22471674	pristiq-51c69ee453785f584a9aa4f8
350478954391535616	343150813	paxil-51cd189553785f584a9ad281
343388798903795712	48613728	ofloxacin-51b34d5c5378b9555a2f0648
339668449242542080	53442065	nicotine-51a5c4835378d08eec906913
349629182269067268	97567146	rivaroxaban-51ca021853785f584a9ac16c
329316938452971520	777784225	paroxetine-51801bebac6af778c2040066
341763429310267392	61910960	trazodone-51ad63c55378f924d02ef18e
330742256787156993	1026760129	olanzapine-51854b59ac6a942006b3a155
340811627488239616	24887443	cymbalta-51a9ed2f53787e40790dfb1d
351619134334832641	17248031	pristiq-51d13e7553785f584a9aec45
342200100585615364	1463842418	olanzapine-51aefa4c5378f924d02f0055
342052382705844224	10052162	baclofen-51ae70ba5378f924d02efb33
353979581033750530	499299719	quetiapine-51d9d4d853785f584a9b1c06
341958012736507904	1447954382	seroquel-51ae18d65378f924d02ef74f
349181683293102080	990533276	zyprexa-51c8606753785f584a9ab47f
333286778628870145	137118909	venlafaxine-518e8d1fac6ab35b4d48281e
342132195806310400	462213945	vyvanse-51aebb0e5378f924d02efe2d
351395434624856064	428650003	venlafaxine-51d06e3653785f584a9ae518
346407033261666304	144304304	vimpat-51be484f5378b9555a2f3b12
358353085535494144	80711423	paxil-51e9be015378704aae89297f
342523133313560576	368056229	vyvanse-51b0273b5378b9555a2ef1ef
344099735004643330	459652340	olanzapine-51b5e3785378b9555a2f1042
351027118215413761	175142308	baclofen-51cf171953785f584a9ade67
341327231508967424	175714006	quetiapine-51abcd6053787e40790e078f
350041405743316992	514537301	fluoxetine-51cb811553785f584a9ac925
333047948642492416	27714264	lamictal-518daeb1ac6ab35b4d481f46
333194880765546496	39844213	lamotrigine-518e3788ac6ab35b4d4823fe
341917271851151360	383481476	vyvanse-51adf2e55378f924d02ef5a5
342050583336857600	24289524	seroquel-51ae6f255378f924d02efb1e
333278830980648960	323112996	cipro-518e85b8ac6ab35b4d4827b7
351442731454828544	1443002623	paxil-51d09a2b53785f584a9ae657
342594933162647553	161856242	fluoxetine-51b06a045378b9555a2ef352
350136494134009856	1243772694	seroquel-51cbd9a453785f584a9acb67
341358849598562304	1225845762	prozac-51abead453787e40790e0850
343738299350908928	92444716	vyvanse-51b492db5378b9555a2f0b28
350666076348104704	514421114	seroquel-51cdc6da53785f584a9ad671
340520477078458368	29261550	seroquel-51a8de0753787e40790df297
342161058653405184	536919988	vyvanse-51aed5f05378f924d02eff3b
342026873712308224	54237248	vyvanse-51ae58f85378f924d02efa1d
348999263306522624	236671012	seroquel-51c7b68353785f584a9aaeeb
348478051098718208	233796317	effexor-51c5d11853785f584a9a9c5f
349385477150879746	542265471	paxil-51c91e3353785f584a9abbf7
331478814888689664	339220082	quetiapine-5187f952ac6a942006b3ce19
343130110569873409	491666611	vyvanse-51b25c935378b9555a2f00d5
340287660444749825	388633109	nicotine-51a8053b53787e40790debde
326732768149135360	19851995	venlafaxine-5176b539ac6a202953c773a8
329254232714792961	43905563	trazodone-517fe185ac6af778c203f263
345958089830301696	97567146	rivaroxaban-51bca6655378b9555a2f3455
352699823213920256	1560323544	venlafaxine-51d52ced53785f584a9b07ff
342066984902610946	252182073	vyvanse-51ae7e5b5378f924d02efbc6
340574014571417602	382904825	seroquel-51a90fe553787e40790df56c
332225282062823424	273421529	quetiapine-518ab086ac6a942006b3ef7d
343991140971868161	344189603	vyvanse-51b57e555378b9555a2f0ee2
340420826677522432	472334076	paxil-51a8814253787e40790def74
331500382746472448	246440597	lozenge-51880d68ac6a942006b3cf05
340625010488143872	53792751	lamictal-51a93f6b53787e40790df6ca
349211366210539520	323112996	cipro-51c87c0c53785f584a9ab5af
341598226094383104	86911518	effexor-51acc9c253787e40790e0d85
352905914640109568	631357943	quetiapine-51d5ecea53785f584a9b0d16
327148912026734592	39844213	lamotrigine-517838c9ac6af778c203715c
333444462229479424	606480502	fluoxetine-518f1ffaac6ab35b4d482e5f
343374668801138688	238286010	cymbalta-51b340335378b9555a2f05b2
344905888026460161	82991118	effexor-51b8d2425378b9555a2f2130
328287774262321153	411151176	paroxetine-517c5d6fac6af778c203a09b
328108880250957825	66417340	fluoxetine-517bb6d3ac6af778c203995f
354265959877443586	56201584	lamotrigine-51dadf8153785f584a9b2047
344868452034560000	375110726	humira-51b8af655378b9555a2f200a
343447619823095808	151939083	vyvanse-51b384275378b9555a2f07c5
340773072036560897	223261612	olanzapine-51a9c94653787e40790df9bd
332450567819497472	1300182944	olanzapine-518b8256ac6ab35b4d480250
353492546833498112	631357943	quetiapine-51d80ff453785f584a9b150e
353493347912003584	631357943	quetiapine-51d80ff453785f584a9b150f
349708387447083009	250204512	paxil-51ca4aef53785f584a9ac2d9
342157040875106304	263473332	vyvanse-51aed23c5378f924d02eff02
346655051051327488	65611610	effexor-51bf2f545378b9555a2f3f55
350030395225542656	147631087	fluoxetine-51cb76d453785f584a9ac8ff
348383854089871360	206955948	zyprexa-51c5795e53785f584a9a9479
342378452453826563	385227258	seroquel-51afa0845378f924d02f06e8
348555717113942016	24347705	fluoxetine-51c6197453785f584a9aa064
349168277181853696	490975556	lozenge-51c853eb53785f584a9ab403
358371997434134529	30777372	effexor-51e9cf8d5378704aae8929ac
331338155691229184	273421529	quetiapine-51877652ac6a942006b3c7b0
346043889146294274	187780472	fluoxetine-51bcf62a5378b9555a2f35ed
345784351839121408	58620119	olanzapine-51bc04645378b9555a2f3206
344965474938920960	29134516	enbrel-51b909c15378b9555a2f2282
351683349422673920	539178100	paxil-51d17a5053785f584a9aee4e
345720878023196672	97567146	rivaroxaban-51bbc9475378b9555a2f3156
343238435450015744	79879197	seroquel-51b2c1815378b9555a2f021f
352327453202595840	968556180	paxil-51d3d25953785f584a9aff16
351635820056289281	353762316	seroquel-51d14e3353785f584a9aecaa
346343460770557953	97567146	rivaroxaban-51be0d1a5378b9555a2f3998
326972731151228928	859202377	quetiapine-517794b4ac6af778c20369c7
353523202628124672	1226628614	metoprolol-51d82bc253785f584a9b155b
351727727977570304	149230770	trazodone-51d1a39753785f584a9aef79
350332912530505728	1397948809	fluoxetine-51cc909853785f584a9acf80
346476151549612032	90523905	paxil-51be88ae5378b9555a2f3ce6
341985679204560898	183937051	trazodone-51ae329a5378f924d02ef86d
352181796122800132	90511445	olanzapine-51d34a7a53785f584a9afc60
352543113685901315	8264122	paroxetine-51d49afc53785f584a9b03cc
333121972554825729	475597093	seroquel-518df3a2ac6ab35b4d4821e2
347414282138431488	376721174	zyprexa-51c1f26253785f584a9a7eef
340367344461287424	141342626	olanzapine-51a84f6953787e40790dee15
348896272700293121	514421114	seroquel-51c756ae53785f584a9aab78
345505230403825664	304889400	seroquel-51bb00705378b9555a2f2c92
331755953420656640	866911130	venlafaxine-5188fb6dac6a942006b3da23
345334049679753216	367655471	paxil-51ba610e5378b9555a2f2939
347615048014905345	267713488	seroquel-51c2ad6b53785f584a9a8456
332853469503442944	128729448	effexor-518cf992ac6ab35b4d481652
344583271889379328	915906727	vyvanse-51b7a5fc5378b9555a2f194d
342222942853287936	1591341	effexor-51af0f925378f924d02f0101
332574327444746240	210777087	baclofen-518bf599ac6ab35b4d48099f
339786137767919618	26904619	nicotine-51a632555378d08eec906c8c
342775921243209728	39778812	duloxetine-51b112975378b9555a2ef7bf
340454413229490176	287102562	fluoxetine-51a8a08053787e40790df063
340258151511248896	129358632	cymbalta-51a7e9b753787e40790deac3
327573331354210304	329791758	fluoxetine-5179c40fac6af778c2038394
341835868912353280	1007478902	prozac-51ada7155378f924d02ef3af
349931566463590404	41639618	seroquel-51cb1ac953785f584a9ac777
343471954109550592	336668444	effexor-51b39ace5378b9555a2f080c
341819046519517186	96914280	vyvanse-51ad97715378f924d02ef350
346732358474547200	97567146	rivaroxaban-51bf774b5378b9555a2f4130
352526763387133953	631357943	venlafaxine-51d48bcc53785f584a9b0370
341139910352326656	38998805	effexor-51ab1f3153787e40790e032e
354310048798867456	176285385	quetiapine-51db08a253785f584a9b2124
353061725102280705	27894473	nicotine-51d67df953785f584a9b1041
330053958125096960	866911130	venlafaxine-5182ca52ac6a942006b38587
326784616725880832	970557373	quetiapine-5176e582ac6af778c2036114
342794515108741121	153610024	humira-51b123f35378b9555a2ef827
345227897633648640	1240391635	vyvanse-51b9fe275378b9555a2f26b4
333600785923461120	85205180	cymbalta-518fb190ac6ab35b4d48330a
333961225606144000	19024894	seroquel-5191013fac6ab35b4d48418d
329978561559678977	866911130	venlafaxine-5182841aac6a942006b3821b
347561124721479681	923589127	seroquel-51c27b2453785f584a9a82fb
342217867749621762	84437614	quetiapine-51af0ae25378f924d02f00cc
342649393196978177	182530785	vyvanse-51b09cbf5378b9555a2ef48d
341773755195990016	1321400012	lamictal-51ad6d4d5378f924d02ef1ea
352846236526706689	160835933	paxil-51d5b54953785f584a9b0bd5
329617517578444802	1317291756	quetiapine-518133dbac6af778c2041b8d
332830369000853504	548115390	seroquel-518ce40eac6ab35b4d48153c
342681916622909442	24572051	vyvanse-51b0bb0d5378b9555a2ef581
341215457975607296	34826212	cymbalta-51ab654753787e40790e0495
327103648171696129	1216892089	ofloxacin-51780ea1ac6af778c2036f21
341962380344979457	29613513	xarelto-51ae1d055378f924d02ef782
350582241740599296	327466469	fycompa-51cd78c653785f584a9ad43f
343036002669039616	256708245	lozenge-51b204e95378b9555a2efe23
346344933545873408	355674498	eliquis-51be0e835378b9555a2f399f
333234626913001472	304418564	cymbalta-518e5c8dac6ab35b4d4825a4
341995227717988352	48551726	prozac-51ae3b7f5378f924d02ef8d3
351600831512059904	136921671	venlafaxine-51d12d6a53785f584a9aebb0
339950752447467520	543121962	nicotine-51a6cb6e5378d08eec907115
353941443322183680	43549767	pristiq-51d9b14653785f584a9b1b7f
345367464135233537	101058279	cymbalta-51ba802c5378b9555a2f29cb
344638492925636609	509767522	lozenge-51b7d93a5378b9555a2f1b2a
343034735376863233	716333624	lozenge-51b2039d5378b9555a2efe0e
336979338668933120	65223509	cymbalta-519bfc15ac6af7f8f08011ee
348313756612304897	268949212	trazodone-51c5388c53785f584a9a92e8
345650905422626817	1236729680	lozenge-51bb881c5378b9555a2f303c
329646459060355072	176460305	olanzapine-51814ecfac6af778c2041d56
349424846859538433	101001616	effient-51c9433253785f584a9abd34
352527328976449537	1383634836	cipro-51d48c5e53785f584a9b0378
340043897302560769	243798733	prozac-51a7225e5378d08eec907392
351196847873863680	1140424723	tysabri-51cfb53f53785f584a9ae23a
332448398974259200	22903807	olanzapine-518b8051ac6ab35b4d480231
349973245430202369	1503986990	cipro-51cb41a353785f584a9ac83c
350844058438090752	12096622	trazodone-51ce6ca053785f584a9ad9fa
340484379883229184	380624334	seroquel-51a8bc6953787e40790df163
341610771119222784	27201896	fluoxetine-51acd5a353784695b04bffb2
343031288502050817	551422450	xarelto-51b200675378b9555a2efe02
343103493718040576	284681468	humira-51b243a65378b9555a2effd8
333061138847789056	261461199	trazodone-518dbafaac6ab35b4d481fdb
350635428732354560	1394875206	effient-51cdaa5553785f584a9ad584
340253188609421312	164599226	prozac-51a7e51853787e40790deaa5
331229137173889025	1245254887	ziprasidone-518710cbac6a942006b3c243
340252337509638144	42507556	prozac-51a7e51853787e40790deaa4
340595437364985857	321391071	tysabri-51a923d753787e40790df613
333320339683676161	99578276	cipro-518eac60ac6ab35b4d482972
350429856238018561	852981463	linagliptin-51cceb2b53785f584a9ad174
354232354224615425	493123841	fosamax-51dac03553785f584a9b1fb4
326496283516882944	14916025	lamotrigine-5175d8faac6a202953c76953
341923410953256960	243962792	vyvanse-51adf89c5378f924d02ef5dd
340972833150758912	1204982244	cipro-51aa835153787e40790dff3b
341361144008679425	368523474	cymbalta-51abecf653787e40790e085f
344408187895689216	463553224	vyvanse-51b702bd5378b9555a2f1656
341084264789598208	1041661621	trazodone-51aaeb3a53787e40790e0240
343815369376546816	209003773	ofloxacin-51b4daa25378b9555a2f0c6c
343717626880589825	1488063955	cymbalta-51b47ff05378b9555a2f0af7
344531829379981313	367475561	vyvanse-51b775e45378b9555a2f1858
344189134891524097	21302218	olanzapine-51b636c35378b9555a2f123f
352828003044167682	159660817	olanzapine-51d5a44e53785f584a9b0b69
350432063758934016	1163853667	geodon-51cced2f53785f584a9ad188
350112091623010304	794943356	boniva-51cbc2ea53785f584a9acaed
346433517527379968	318325027	ofloxacin-51be60fa5378b9555a2f3b6a
340360760863625217	712652112	nicotine-51a8496453787e40790dedfc
347934179578765312	305806308	seroquel-51c3d69353785f584a9a8b5d
346700187282055169	1047283196	lozenge-51bf59555378b9555a2f406e
343812746518876161	308220569	vyvanse-51b4d8315378b9555a2f0c54
351686120276377600	1101032605	seroquel-51d17ce953785f584a9aee74
329426133315629056	608546541	trazodone-5180819dac6af778c2041241
350118709102247936	341068485	humira-51cbc92b53785f584a9acb12
346691577558749184	984294302	lozenge-51bf519b5378b9555a2f403f
344155168822145024	101557306	lozenge-51b617195378b9555a2f1168
330435039475167232	388286396	fluoxetine-51842d3bac6a942006b397db
347921687729299456	1494359442	zyprexa-51c3cbcd53785f584a9a8b40
341174088531836928	179074771	effexor-51ab3ec053787e40790e03bf
341117456472997888	707681815	cipro-51ab0a0253787e40790e02d3
339912078334758914	622947649	paxil-51a6a7695378d08eec90700d
328954824135696385	1029296778	zoledronic acid-517ecaacac6af778c203d8ec
340556902800973824	1375321224	prozac-51a8fff853787e40790df44e
333938490184187904	161308576	effexor-5190ec13ac6ab35b4d484071
346748333274042369	264018053	seroquel-51bf862b5378b9555a2f41a8
340713965795549185	484252027	cymbalta-51a9924253787e40790df8d2
343602588542959617	470522605	seroquel-51b414945378b9555a2f09ab
340558807237279745	493209148	prozac-51a901ca53787e40790df49e
353010324934377473	1360997718	lamotrigine-51d64e1f53785f584a9b0fbc
349105081079169024	243228907	dabigatran-51c8191053785f584a9ab237
352621160011268097	1360999674	lamotrigine-51d4e3aa53785f584a9b055b
349028783212339201	859442514	lozenge-51c7d22053785f584a9aafd8
352038598939389953	1091770208	tysabri-51d2c51d53785f584a9af7d7
349173929434312704	19032229	victoza-51c8592e53785f584a9ab43d
345439622828007424	130288759	lozenge-51bac3595378b9555a2f2b75
351577595332136961	442840276	seroquel-51d1182453785f584a9aead8
344733595103002624	97567146	rivaroxaban-51b831cc5378b9555a2f1cf6
333761920496726016	38276602	paxil-519047a1ac6ab35b4d483936
348941383249313793	753865128	fluoxetine-51c7809b53785f584a9aacf9
342367125400342528	338812368	humira-51af95da5378f924d02f0677
348094319401508865	39778812	tysabri-51c46bd053785f584a9a8e82
344240414573879297	473179284	dabigatran-51b6668c5378b9555a2f1389
346415215585419264	81338346	lozenge-51be50065378b9555a2f3b23
341613671946018816	46033226	paroxetine-51acd82553784695b04bffc7
341725356245536768	223363708	prozac-51ad40285378f924d02ef059
343922010868568065	333697132	humira-51b53df45378b9555a2f0dda
341019565746188288	232905512	cymbalta-51aaaed753787e40790e00a3
352526591592632320	5995452	venlafaxine-51d48bab53785f584a9b036c
352081891295379456	223692135	etanercept-51d2ed9953785f584a9af928
343781462002245632	1223130356	cymbalta-51b4bb0e5378b9555a2f0bce
349427091500040192	1515370748	cipro-51c944f953785f584a9abd42
348867655698104322	369536707	cipro-51c73c2653785f584a9aaa54
332149718723477506	137077300	prozac-518a6a27ac6a942006b3ebd2
350689148782395392	155916518	paroxetine-51cddc6f53785f584a9ad700
347246247066869760	190337035	denosumab-51c155e353785f584a9a7b3d
350689248762015745	168186079	paroxetine-51cddc6f53785f584a9ad701
341985527727288320	52090036	prozac-51ae32765378f924d02ef86b
341634572007645184	300517018	lozenge-51aceba553784695b04c007a
344427537146978305	550834503	paxil-51b714c25378b9555a2f1696
348854533025304576	560613219	lozenge-51c72fca53785f584a9aa9d2
353307763994136576	1443364436	paxil-51d7632e53785f584a9b1346
352991945066418176	126089947	vyvanse-51d63cff53785f584a9b0f90
343128394524930048	54462614	paxil-51b25ad75378b9555a2f00b8
330174873328549888	403410915	trazodone-51833aeeac6a942006b38dd2
350266119464026115	18998891	victoza-51cc525d53785f584a9ace2a
345157266481217538	21847182	vyvanse-51b9bc605378b9555a2f252e
341590362873294848	141756010	cymbalta-51acc2b253787e40790e0d5e
340561618415001600	335470624	prozac-51a9045853787e40790df4d5
340561569823989760	297099212	prozac-51a9045853787e40790df4d4
351686062353027072	499469139	apixaban-51d17cd353785f584a9aee72
340936488332185600	1363138824	avelox-51aa61c453787e40790dfdfa
348266512018198528	97567146	rivaroxaban-51c50c1553785f584a9a9201
340136017975717889	42917410	nicotine-51a777f85378d08eec9075f1
351595047600406528	1523726154	dabigatran-51d1280653785f584a9aeb79
333195747459731456	39844213	olanzapine-518e3857ac6ab35b4d482404
352585371273527296	261925087	cipro-51d4c25653785f584a9b04b7
348490117247283202	22973083	effexor-51c5dc5553785f584a9a9cff
333854168664129536	55548061	trazodone-51909d8bac6ab35b4d483d86
344619603340693504	15524206	cymbalta-51b7c7bc5378b9555a2f1ac3
340295432959848448	403255145	nicotine-51a80c7053787e40790dec25
341586246851756034	36347398	lozenge-51acbe9a53787e40790e0d47
340566181608038400	20658902	prozac-51a9089753787e40790df51b
340566066419875840	68426953	prozac-51a9089753787e40790df51a
348583940476502016	305467883	metoprolol-51c633b953785f584a9aa146
341605367261839362	1392292796	cymbalta-51acd06a53784695b04bff84
346637702013276160	138795534	humira-51bf21225378b9555a2f3f0b
341469594554359808	45347619	baclofen-51ac51f653787e40790e0ac7
348827873777426432	395127040	lozenge-51c7175e53785f584a9aa8c8
354078381022781441	211376476	fluoxetine-51da30fa53785f584a9b1df4
351602465516437504	1519229924	lurasidone-51d12eee53785f584a9aebbd
343491529475751937	288457850	cymbalta-51b3ad095378b9555a2f0860
348443949851082753	43504764	paxil-51c5b16153785f584a9a95c4
341638682496864256	493123841	fosamax-51acef7153784695b04c00a6
341757671277465603	171707155	cymbalta-51ad5e595378f924d02ef168
343491352056717313	165999413	cymbalta-51b3ad095378b9555a2f085f
344355253644300288	715003	tysabri-51b6d1935378b9555a2f15bb
326495886807031809	16660930	lyrica-5175d89cac6a202953c76949
352689989311664128	43617900	dabigatran-51d523c453785f584a9b07ef
352164444056457218	633992680	paxil-51d33a5653785f584a9afc04
346538612411744256	97567146	rivaroxaban-51bec2da5378b9555a2f3dba
343329369919475713	1156774920	paxil-51b3161d5378b9555a2f047d
340607825023758336	314710456	seroquel-51a92f7253787e40790df678
346480581737058304	555590325	humira-51be8d2b5378b9555a2f3cf7
346145409888051200	850100042	lozenge-51bd54c25378b9555a2f372d
340280399387312128	23597437	nicotine-51a7fe7c53787e40790deba0
340529024738672640	180001747	prozac-51a8e5fd53787e40790df2e1
340528789144629250	14690653	prozac-51a8e5fd53787e40790df2e0
342085323637018624	1454655446	lozenge-51ae8f675378f924d02efc6d
344805740894093313	1355630322	lozenge-51b8750a5378b9555a2f1e77
348762656880091136	141502932	venlafaxine-51c6da3553785f584a9aa6ac
346145522538655745	68789176	lozenge-51bd54c25378b9555a2f372e
345784539915890688	1337224148	effexor-51bc04915378b9555a2f3208
340324388291362816	386192979	nicotine-51a8277253787e40790ded08
340373601805029376	301782074	nicotine-51a8556453787e40790dee40
342509962565668866	415578939	vyvanse-51b01af15378b9555a2ef1bd
329589382350782465	484999413	fluoxetine-518119a7ac6af778c2041a61
340290270337835009	138523049	prozac-51a807bb53787e40790debf4
328213928020692992	1377452443	fluoxetine-517c18a9ac6af778c2039da1
340496055491784705	24147131	prozac-51a8c74853787e40790df1c9
328604211409465346	553998650	fluoxetine-517d8423ac6af778c203afb7
340971326019891201	244969221	cymbalta-51aa81e953787e40790dff2d
341880044836253697	37752513	prozac-51add03a5378f924d02ef49c
342230675379847168	527751428	vyvanse-51af16d55378f924d02f0132
353708591380832257	561853764	xarelto-51d8d86a53785f584a9b1847
341423631601111041	372603920	seroquel-51ac272b53787e40790e09d0
347755633300361216	36746266	humira-51c3306753785f584a9a87a2
345579856333000705	329791758	venlafaxine-51bb45f15378b9555a2f2e6c
344440096994504705	592445595	lozenge-51b720995378b9555a2f16d1
340380790301024256	958297832	nicotine-51a85bff53787e40790dee60
352156613886476290	565446137	paxil-51d3330753785f584a9afbbe
343096374918787072	392323345	eliquis-51b23d105378b9555a2eff99
348953332846571520	1428025004	paxil-51c78bbf53785f584a9aad56
351126579486801920	20364636	humira-51cf73bd53785f584a9ae0d6
327477521669050369	16044027	quetiapine-51796ad4ac6af778c2037f26
340386277167882240	18264426	nicotine-51a8612e53787e40790dee7e
348854114567991299	87470849	lozenge-51c72fb053785f584a9aa9d0
339911830652743682	361929946	nicotine-51a6a72e5378d08eec907009
340460706967220224	1426999422	paxil-51a8a66353787e40790df08e
347345179704954880	402972230	onglyza-51c1b20953785f584a9a7d1a
340432590945275904	424609944	prozac-51a88c3053787e40790defba
352959477038841856	14805551	paxil-51d61ebf53785f584a9b0f0d
342108046559952898	319192856	cymbalta-51aea4915378f924d02efd07
348990094146940928	388692651	seroquel-51c7ae4653785f584a9aae90
340864165918945280	23343428	lozenge-51aa1e1d53787e40790dfc61
326942685426483200	21067546	trazodone-517778b9ac6af778c2036887
341678056945106948	1466551548	vyvanse-51ad141c5378f924d02eeebe
336987398091182080	842275531	cymbalta-519c03fdac6af7f8f0801215
343961812334686208	17365729	lozenge-51b563055378b9555a2f0e84
341684250581532672	293191460	cymbalta-51ad19f75378f924d02eeefc
344559228398215168	1395480782	cymbalta-51b78f845378b9555a2f18d9
344038049673523200	789900504	paxil-51b5aa225378b9555a2f0f51
340561821670981632	146940165	prozac-51a9049f53787e40790df4de
343794745023291394	1496142984	vyvanse-51b4c7705378b9555a2f0c13
352677700365848577	358508671	cymbalta-51d5185253785f584a9b0783
349330153324822528	55063378	victoza-51c8eac653785f584a9aba18
344925666938077186	521094502	vyvanse-51b8e4ae5378b9555a2f21a2
349018161242333184	403118642	trazodone-51c7c82653785f584a9aaf7a
327887677171040256	70136994	memantine-517ae8d0ac6af778c20390b3
344171068702990339	918100746	seroquel-51b625e85378b9555a2f11ae
339968742505185280	1210665433	nicotine-51a6dc2f5378d08eec9071a1
329757184126767104	158119360	seroquel-5181b5eeac6a942006b37a26
345395539770224640	519136752	cymbalta-51ba9a485378b9555a2f2a6d
327284298560442368	285810238	venlafaxine-5178b6e0ac6af778c20377a6
341166507293814784	1421421944	prozac-51ab37c053787e40790e039a
331819466537189376	80900653	fluoxetine-51893694ac6a942006b3dd43
340558879085703168	494405152	prozac-51a901cc53787e40790df4a0
346667382699339777	352307031	enbrel-51bf3adf5378b9555a2f3fa7
339434082129809410	409041735	lamictal-51a4ea6453786d26bfcc3f89
336982657059651587	190378852	quetiapine-519bff2dac6af7f8f08011fc
349064783061983232	817711393	ofloxacin-51c7f38853785f584a9ab0fd
341767002236542977	1429804903	prozac-51ad67055378f924d02ef1ac
348484589230112769	323719904	fluoxetine-51c5d73453785f584a9a9cbe
340347377426763776	200564856	nicotine-51a83cd153787e40790dedab
342303467618062337	1371146184	cipro-51af5a915378f924d02f03c1
331162677953048576	29436779	venlafaxine-5186d2e5ac6a942006b3bbb9
332179977493684226	584850064	effexor-518a8654ac6a942006b3ed5e
344291225458839554	1478023358	saphris-51b695dc5378b9555a2f147f
340304477238206464	12926592	prozac-51a814dd53787e40790dec6f
333240613149503488	154079781	venlafaxine-518e6220ac6ab35b4d4825e7
342499067663900672	21068577	namenda-51b010bb5378b9555a2ef1a0
349353854703370240	24589861	effexor-51c900c653785f584a9abad8
332343860858601473	302930537	trazodone-518b1ef6ac6ab35b4d47fe03
350699104936017920	242173605	trazodone-51cde5bd53785f584a9ad75e
344762290177970176	316171682	vyvanse-51b84c955378b9555a2f1d4f
342715754510172162	339308623	vyvanse-51b0dab95378b9555a2ef649
333805972822839296	332369497	tysabri-519070a8ac6ab35b4d483ad9
346469315752640512	382514476	tysabri-51be82875378b9555a2f3cc5
332666314952945664	155766727	cymbalta-518c4b44ac6ab35b4d480ee0
340664476233777153	509189988	cymbalta-51a9642353787e40790df7a1
333938054609911809	493123841	paxil-5190ebabac6ab35b4d48406e
347497030907723777	447204547	quetiapine-51c23f7353785f584a9a813b
354293203786141698	1230312476	alendronate-51daf8e353785f584a9b20c6
344775897645207552	991567988	vyvanse-51b859325378b9555a2f1da0
348320054070362112	191752561	olanzapine-51c53df353785f584a9a9311
342671450496446464	923840822	cipro-51b0b1475378b9555a2ef4f2
348263807593902080	97567146	rivaroxaban-51c509a553785f584a9a91ec
332315258465181697	1143331885	cymbalta-518b0452ac6ab35b4d47fcc0
340563545722863616	972014413	prozac-51a9062853787e40790df502
341257688895860736	1163853667	geodon-51ab8c9e53787e40790e05aa
332531689639256064	42685103	baclofen-518bcde3ac6ab35b4d4806e3
349294518673227779	538582260	lozenge-51c8c98253785f584a9ab8d0
331252882676539392	246440597	lozenge-518726e8ac6a942006b3c473
340501485953626112	714287641	prozac-51a8cc5753787e40790df1f5
352292105546252289	1529307433	seroquel-51d3b13653785f584a9afea1
344999966764318721	1332061524	trazodone-51b929e05378b9555a2f22fa
347671847531331584	371567427	fluoxetine-51c2e27d53785f584a9a85b0
347672092843581440	1325567575	fluoxetine-51c2e27d53785f584a9a85b1
332988490457444353	197575282	metoprolol-518d7751ac6ab35b4d481d16
344597734663270400	235296226	humira-51b7b3455378b9555a2f1a60
341716391025577984	272462752	cymbalta-51ad37cf5378f924d02ef015
347158294755950592	122491713	lozenge-51c103fa53785f584a9a78cb
348459265062731776	1447277893	latuda-51c5bfa853785f584a9a9a96
346402455766044672	501391448	xarelto-51be440c5378b9555a2f3b02
343054660887781377	31326007	floxin-51b2162b5378b9555a2efe74
333974883639889920	217211511	duloxetine-51910df8ac6ab35b4d484241
341955539829395457	419757255	prozac-51ae16885378f924d02ef737
349182874865508354	472347947	geodon-51c8618c53785f584a9ab490
351389550024724482	324601283	enbrel-51d068a453785f584a9ae507
332529981332807681	755752909	cymbalta-518bcc4cac6ab35b4d4806c6
342898027377340416	155521089	humira-51b184a75378b9555a2efa3f
349059375878504449	22805001	enbrel-51c7ee7f53785f584a9ab0c5
333978839577411584	349129161	paxil-519111a7ac6ab35b4d484276
340556737650237440	451199892	prozac-51a8ffcc53787e40790df447
340555805424230402	216940908	prozac-51a8fef053787e40790df3fe
349231903724941312	493123841	pradaxa-51c88f2d53785f584a9ab670
340555816098750464	306190984	prozac-51a8fef053787e40790df3ff
340555773077753859	406583556	prozac-51a8fee853787e40790df3fa
340555783710310400	58276855	prozac-51a8fee853787e40790df3fb
330284990770327555	15676020	fluoxetine-5183a17dac6a942006b39156
341241156581068800	16819090	effexor-51ab7d3c53787e40790e0530
350043427544633344	22370512	pradaxa-51cb82f753785f584a9ac933
340297352260751362	390779160	nicotine-51a80e3a53787e40790dec3b
329494749805416448	1216892089	ofloxacin-5180c184ac6af778c2041706
339932480918401024	258921256	paxil-51a6ba6a5378d08eec90709c
350886278289567745	1537119104	paroxetine-51ce940053785f584a9adb16
332331546470121472	80059968	paxil-518b137dac6ab35b4d47fd82
343531629131739136	254298655	fluoxetine-51b3d2625378b9555a2f08ca
340335834429538304	945138277	cymbalta-51a8321153787e40790ded59
352531782983368705	1469959718	linagliptin-51d4906d53785f584a9b039d
352697966739468290	878824776	humira-51d52ced53785f584a9b07fe
332496252136722432	45735030	cipro-518bace2ac6ab35b4d480491
341994357546688512	58303030	prozac-51ae3ace5378f924d02ef8c8
341994484768325632	350560395	prozac-51ae3ace5378f924d02ef8c9
352845783227305986	716056026	lamictal-51d5b4dd53785f584a9b0bcf
339926647274893312	21368921	cymbalta-51a6b4fd5378d08eec90706e
352624300714508290	539377251	humira-51d4e69753785f584a9b058f
342887388873359362	49543667	lozenge-51b17a6c5378b9555a2ef9fb
347602268851408896	139182070	lozenge-51c2a17553785f584a9a83f1
356240265637412865	45236630	cymbalta-51e20e3853785f584a9b47a7
349303093894193154	392323345	rivaroxaban-51c8d17a53785f584a9ab927
340555351982219265	288477950	prozac-51a8fe8453787e40790df3c8
328409269709967361	106094211	venlafaxine-517cce96ac6af778c203a825
340555362820313088	369231553	prozac-51a8fe8453787e40790df3c9
331049581775302656	21117450	trazodone-51866992ac6a942006b3afae
347172969509945346	41662663	trazodone-51c111bc53785f584a9a792e
351787978009481216	313486653	humira-51d1dbb453785f584a9af14b
347713709663207424	493123841	paxil-51c3096453785f584a9a8694
349173378533453825	112335525	lozenge-51c858ae53785f584a9ab434
346383184935653377	73466062	enbrel-51be32385378b9555a2f3aa1
341852535981740032	1010341399	vyvanse-51adb6b25378f924d02ef3fc
340334306675286017	988062841	nicotine-51a830b253787e40790ded50
349318335609049090	1444637407	lozenge-51c8dfb253785f584a9ab9b0
332135687400861696	333872461	prozac-518a5d15ac6a942006b3eb33
340303313046220801	256708228	nicotine-51a813c753787e40790dec65
346640892817465345	757895700	cipro-51bf221b5378b9555a2f3f14
333313617179078657	1417472666	seroquel-518ea61dac6ab35b4d48292c
344001581752152064	267036241	seroquel-51b588225378b9555a2f0ef5
342684997771214849	218388684	cymbalta-51b0bdfe5378b9555a2ef5a1
348311468749504512	1003028666	seroquel-51c535f753785f584a9a92de
351665598968766464	1523726154	apixaban-51d169bb53785f584a9aed99
341870428870037504	1430240600	prozac-51adc7885378f924d02ef466
352767695185395713	740298816	enbrel-51d56c2353785f584a9b0915
350219554460418048	19750152	pristiq-51cc272253785f584a9accfc
343424623280549889	277296381	vyvanse-51b36eb95378b9555a2f075a
344951304260562945	23621565	fluoxetine-51b8fc8e5378b9555a2f222e
340557420088659968	188419106	prozac-51a9007153787e40790df460
343134695317458944	1181942546	paxil-51b260be5378b9555a2f0107
344237912730238979	526868212	vyvanse-51b664985378b9555a2f1375
329697904631640065	1213105958	venlafaxine-51817eb8ac6a942006b37753
348595096352075776	161561500	zyprexa-51c63e2653785f584a9aa1b8
344896572942856193	121880953	metoprolol-51b8c9965378b9555a2f20e5
345809319364804609	14424671	effexor-51bc1bbf5378b9555a2f324b
342627106087378945	205863001	lozenge-51b087fe5378b9555a2ef3e3
343114021278470144	583054886	vyvanse-51b24d745378b9555a2f004c
354428287340122112	115545836	olanzapine-51db76af53785f584a9b237f
342677926136930304	424670263	cymbalta-51b0b74f5378b9555a2ef554
341923962462298114	47374048	vyvanse-51adf9205378f924d02ef5e3
351775750443118594	628102425	baclofen-51d1d05153785f584a9af0e9
341168178136748032	55236926	effexor-51ab393f53787e40790e03a1
347108263143288835	319087703	pradaxa-51c0d57f53785f584a9a7796
332349014022434817	1200824011	cipro-518b23c2ac6ab35b4d47fe46
343625906746687489	293191460	tysabri-51b42a2f5378b9555a2f09e4
340377981560184833	451705158	effexor-51a8596c53787e40790dee54
333356009416450048	27952128	quetiapine-518ecd98ac6ab35b4d482ab4
329167049882492929	339220082	quetiapine-517f9053ac6af778c203e2bc
340323846114648064	377389762	nicotine-51a826fe53787e40790ded02
340462263016243200	156320754	prozac-51a8a7cf53787e40790df09f
340310666348990464	1149507362	nicotine-51a81aa453787e40790dec9a
341789681781977088	920242508	prozac-51ad7c115378f924d02ef267
344694918398222337	18749967	viibryd-51b80dc75378b9555a2f1bd0
331761778352607232	428650003	olanzapine-518900daac6a942006b3da61
352908735720587265	95280650	fluoxetine-51d5ef7e53785f584a9b0d7d
350855256214749185	42413676	paroxetine-51ce770a53785f584a9ada4d
349119760396582913	1081492033	humira-51c826bb53785f584a9ab27e
346442846611599360	22567734	lozenge-51be69aa5378b9555a2f3c52
343886298429394944	17815763	lozenge-51b51cb15378b9555a2f0d6a
341698995531427840	73997527	vyvanse-51ad27a25378f924d02eef82
350836662558920704	445879553	linagliptin-51ce65b953785f584a9ad9b3
352325761518145536	888012168	humira-51d3d0a053785f584a9aff0c
348898147470295042	28927618	levaquin-51c7585753785f584a9aab83
349894611570917376	543272655	cipro-51caf85f53785f584a9ac675
339623459611107329	258921256	paxil-51a59abb5378d08eec9067cc
332087614280708099	424940769	zoledronic acid-518a304fac6a942006b3e955
350787121239433216	37571688	fluoxetine-51ce395b53785f584a9ad8f4
332054126932406272	1238806669	fluoxetine-518a1120ac6a942006b3e811
330696740091076608	240094239	zoledronic acid-518520f6ac6a942006b39fc2
333946994143920130	1096744752	cymbalta-5190f3ffac6ab35b4d4840df
341657146909417472	200018439	memantine-51ad00b15378f924d02eee18
340555481221304323	920675642	prozac-51a8fea053787e40790df3d9
344851551342428161	97434158	humira-51b89fae5378b9555a2f1fb3
345388600810143744	261734989	trazodone-51ba93d95378b9555a2f2a33
342273088337113088	377773501	tysabri-51af3e465378f924d02f02a1
333292551715041280	297069073	cipro-518e927fac6ab35b4d482857
340270333254844417	236090045	nicotine-51a7f51053787e40790deb49
348210061308469248	418970102	quetiapine-51c4d78253785f584a9a910b
349718265406300160	24655357	humira-51ca547053785f584a9ac2fe
347465817979486208	250056396	dabigatran-51c2226153785f584a9a8045
350598420362297344	26015134	victoza-51cd87fb53785f584a9ad48c
340558355774967808	74215798	prozac-51a9014e53787e40790df48b
340558310979821571	751388004	prozac-51a9014e53787e40790df48a
340556020013207552	44329821	prozac-51a8ff2153787e40790df410
340556022101966848	194951904	prozac-51a8ff2153787e40790df411
333414603688140800	449457258	cymbalta-518f042aac6ab35b4d482d05
347549718269804544	20572355	humira-51c2708453785f584a9a828f
353144982372220930	21981963	pristiq-51d6cb8353785f584a9b110f
350261915773173760	436260390	tysabri-51cc4e7853785f584a9acde2
341676758564761601	133474197	lozenge-51ad13035378f924d02eeeba
343433223763791872	27150668	vyvanse-51b376bc5378b9555a2f0780
351689406056366081	58972109	apixaban-51d17fe753785f584a9aee9d
332926605456441346	388843594	lamictal-518d3dafac6ab35b4d481a39
340538054177603584	17818190	prozac-51a8eea053787e40790df324
342745718018170880	32159929	lozenge-51b0f6725378b9555a2ef736
349595308537286657	116165083	olanzapine-51c9e19f53785f584a9ac073
329654714415325184	234565971	ofloxacin-5181567fac6af778c2041db0
329258771975139329	1371093139	quetiapine-517fe5bfac6af778c203f34d
327034117688524800	77388580	ofloxacin-5177cde0ac6af778c2036c00
342015143728783360	378908801	cymbalta-51ae4e255378f924d02ef996
331513192838737920	177270560	memantine-51881957ac6a942006b3cf94
349042809526947840	32268015	seroquel-51c7df1253785f584a9ab032
348973695575937024	335950885	canagliflozin-51c79eb353785f584a9aae05
352675531919073280	240344740	victoza-51d5165053785f584a9b0766
343478674995163137	1338597000	quetiapine-51b3a12d5378b9555a2f0833
341974256407699456	148056131	prozac-51ae28065378f924d02ef7fe
330390752649682947	1289310714	fluoxetine-518403fcac6a942006b395e1
344076005490696193	28820316	lozenge-51b5cda65378b9555a2f0fd1
327877904224636929	273617734	trazodone-517adfb6ac6af778c2038fac
333442861586587648	950109049	effexor-518f1e7cac6ab35b4d482e4c
332558185632239616	44646165	ofloxacin-518be690ac6ab35b4d480856
340627840728981504	1233034166	lozenge-51a9420d53787e40790df6da
349477008398491649	893629033	trazodone-51c9737253785f584a9abe93
346415007682142208	136471799	effexor-51be4fbc5378b9555a2f3b22
340562310223515648	55672163	prozac-51a9050d53787e40790df4ea
340962205312905216	1340622462	paxil-51aa796b53787e40790dfebb
339984691631362052	43051327	cymbalta-51a6eb215378d08eec90720c
344592313831550976	1431076550	enbrel-51b7ae385378b9555a2f19e0
344592314951430145	1495863530	enbrel-51b7ae385378b9555a2f19e1
342208545753812992	1463842418	olanzapine-51af022a5378f924d02f0095
340475648445403136	540359318	prozac-51a8b44753787e40790df117
343037715899629568	14344729	cipro-51b206635378b9555a2efe2a
340360880426479616	394576486	lozenge-51a8496453787e40790dedfd
341924740786704384	1270089631	prozac-51adf9e35378f924d02ef5f6
340557485318500352	1186563288	prozac-51a9009153787e40790df466
348862084961935362	170302722	lozenge-51c736c153785f584a9aaa1b
340963824893042688	1358660101	effexor-51aa7aef53787e40790dfed6
344592312652947456	1497488635	enbrel-51b7ae385378b9555a2f19db
342392894725971968	191627201	humira-51afae055378b9555a2eef41
347031358591361025	168186079	onglyza-51c08dc253785f584a9a75c3
344592312460001282	1433692682	enbrel-51b7ae385378b9555a2f19dc
346475290660327424	107159664	fluoxetine-51be88245378b9555a2f3ce3
344592314599108608	1443168210	enbrel-51b7ae385378b9555a2f19de
351569551328149504	935851962	rivaroxaban-51d1104753785f584a9aea9b
329830931143720961	583914784	quetiapine-5181fa9cac6a942006b37d19
342574463075897344	52742277	vyvanse-51b057045378b9555a2ef2d7
330454024115613696	63272186	lamotrigine-51843ee9ac6a942006b398bf
345085358687518720	308683324	vyvanse-51b979b65378b9555a2f2453
340573904777121792	192574681	duloxetine-51a90fc953787e40790df56b
341768791656628225	401499735	humira-51ad68d85378f924d02ef1c2
340557625643126784	291157392	prozac-51a900a653787e40790df46a
333079296635719681	308420824	paroxetine-518dcbe3ac6ab35b4d482091
341989614153785344	40519934	prozac-51ae36445378f924d02ef897
347364004303343616	201154033	effexor-51c1c39253785f584a9a7d64
344825308924506112	616230438	vyvanse-51b8875a5378b9555a2f1eb9
343323710096281600	47595325	etanercept-51b310bd5378b9555a2f0452
340260116232290304	137593568	nicotine-51a7eb8e53787e40790deae8
345655455273607168	902422561	humira-51bb8c665378b9555a2f3057
346482893129928704	15066578	ofloxacin-51be8ef55378b9555a2f3d02
347073424193105920	76921239	zyprexa-51c0b4f053785f584a9a76dc
353952011483496448	28699665	effexor-51d9bb2253785f584a9b1bae
340557653078069248	84086971	prozac-51a900a653787e40790df46b
344825458413674497	252824786	vyvanse-51b8875a5378b9555a2f1eba
340557921073111040	351671154	prozac-51a900e653787e40790df479
345469642581618688	15630058	paroxetine-51badf4c5378b9555a2f2bfa
351407229305487362	488437650	paroxetine-51d0795953785f584a9ae566
340557919160504321	374663966	prozac-51a900e653787e40790df478
340370861120974848	1266119233	prozac-51a852b553787e40790dee24
332666575473741824	57258291	seroquel-518c4b83ac6ab35b4d480ee5
340560105273708545	25584360	prozac-51a902ef53787e40790df4b9
342977392903589888	96241833	zyprexa-51b1ce355378b9555a2efc40
349715900817092608	102239978	seroquel-51ca51ee53785f584a9ac2ef
347568889430949888	1370906497	onglyza-51c2826053785f584a9a8332
340115095734595584	1088482874	nicotine-51a7647c5378d08eec90754f
348669953852981249	326739575	lozenge-51c683d153785f584a9aa417
344584680806428672	49373747	enbrel-51b7a72a5378b9555a2f195d
333069270630158336	50209640	paxil-518dc28dac6ab35b4d48202b
343843296742866946	1305747020	venlafaxine-51b4f4a55378b9555a2f0cd6
350027874939580417	54661743	bystolic-51cb74b753785f584a9ac8f6
340545921093885952	1463825786	lozenge-51a8f5c753787e40790df366
340301551417561088	125837098	nicotine-51a8123253787e40790dec54
340940337407225856	617898486	lozenge-51aa650d53787e40790dfe13
333022901865431040	22887887	cipro-518d975dac6ab35b4d481e7f
344254376522678272	29901205	seroquel-51b6745d5378b9555a2f13e5
342679115155005440	55123755	vyvanse-51b0b86a5378b9555a2ef562
332315635445035009	546151624	cymbalta-518b04acac6ab35b4d47fcc3
349807293870776321	279481928	fluoxetine-51caa73953785f584a9ac4c0
341913366807330817	26433602	dabigatran-51adef8d5378f924d02ef584
348894274470948864	41822846	enbrel-51c754bb53785f584a9aab5f
343473509437149185	535039036	humira-51b39c545378b9555a2f081b
350557180652568577	731515010	fycompa-51cd617b53785f584a9ad3a6
342299800093487105	348690189	vyvanse-51af574c5378f924d02f039c
344266639719677952	30019198	cymbalta-51b67f495378b9555a2f141d
354125506683207680	145693375	paxil-51da5cb353785f584a9b1ea7
344628050014642177	481276154	vyvanse-51b7cfa25378b9555a2f1af1
341605962823639040	1059408968	dabigatran-51acd0f753784695b04bff89
343849444590100480	344191416	vyvanse-51b4fa615378b9555a2f0ce7
344177203703074816	612245055	vyvanse-51b62bba5378b9555a2f11e9
344206195034292224	36746266	humira-51b6469f5378b9555a2f12c4
333090879491432448	99461068	zyprexa-518dd6adac6ab35b4d4820fd
342741027188256769	16358273	cymbalta-51b0f2185378b9555a2ef6f3
350417200848445440	160057668	effexor-51ccdf1153785f584a9ad12d
347475051228037120	60443074	dabigatran-51c22b2453785f584a9a8080
330003991650000898	158119360	lamictal-51829bc9ac6a942006b3833f
349381846116728834	64288823	saphris-51c91b0553785f584a9abbe2
333795992002519041	391016506	paxil-5190675dac6ab35b4d483a7a
343681088603951104	577983043	humira-51b45d935378b9555a2f0a76
332801619244748800	273421529	quetiapine-518cc948ac6ab35b4d481444
342130590973296640	1478749124	cymbalta-51aeb9a05378f924d02efe16
348453193530888192	1007575374	seroquel-51c5b9f253785f584a9a9908
330907035698872321	20966560	ofloxacin-5185e4d0ac6a942006b3a726
350850548666335235	1386053330	cipro-51ce72ce53785f584a9ada26
340305559066656768	378209933	nicotine-51a815de53787e40790dec77
340305353277317121	28317385	nicotine-51a815de53787e40790dec76
340537789433135105	445684649	prozac-51a8ee2753787e40790df321
339918030177976321	58934739	nicotine-51a6acf45378d08eec907037
348290861785817088	1514383524	cipro-51c522c953785f584a9a9266
331241915804684288	25547776	ofloxacin-51871cb1ac6a942006b3c364
344592283271847936	1423200846	enbrel-51b7ae315378b9555a2f19a1
346685159900336130	314091870	trazodone-51bf4b895378b9555a2f4007
344592284962152449	1422903630	enbrel-51b7ae315378b9555a2f19a2
344592282323931136	1423192712	enbrel-51b7ae315378b9555a2f19a0
344228218259251200	119049059	apixaban-51b65b615378b9555a2f1333
346002716553801728	257677717	lozenge-51bccfea5378b9555a2f3565
333030938621657090	105754912	fluoxetine-518d9ed9ac6ab35b4d481ebf
348574980843372544	174286868	olanzapine-51c62b5e53785f584a9aa0f3
340338807524188160	49180973	nicotine-51a834d553787e40790ded69
349097733103169536	1190898799	cipro-51c8123853785f584a9ab1f7
340272814789632000	1446560269	nicotine-51a7f76553787e40790deb62
351116862316216320	97231828	paroxetine-51cf6aae53785f584a9ae07d
349205952320389120	441387800	boniva-51c8770153785f584a9ab575
340299221930496001	478926726	prozac-51a80ff753787e40790dec47
342489738869104640	952828760	vyvanse-51b0080b5378b9555a2ef146
343919738558246912	1362952506	cymbalta-51b53bd65378b9555a2f0dcc
342206454083764224	26707129	ofloxacin-51af00675378f924d02f008c
349848041584476160	19110437	victoza-51cacde153785f584a9ac554
347363161910939648	130724565	seroquel-51c1c2da53785f584a9a7d5c
348704493795418112	270496365	seroquel-51c6a3fc53785f584a9aa523
342008650623246336	1207721366	lozenge-51ae47ff5378f924d02ef94d
344592343661428740	1433458808	enbrel-51b7ae4a5378b9555a2f1a2d
346386676018466817	98250464	lozenge-51be355a5378b9555a2f3aae
341674911615561728	22059705	humira-51ad112e5378f924d02eeeaf
340322403341201408	832413092	nicotine-51a8259153787e40790decfa
342143067169632256	190770320	seroquel-51aec5325378f924d02efe8e
352904485598797826	214164173	olanzapine-51d5eb8853785f584a9b0ced
349616326496624640	519090675	pradaxa-51c9f53e53785f584a9ac0f6
350360741238423553	1216923283	zometa-51ccaaec53785f584a9ad020
348912820185882625	26042500	lozenge-51c7660153785f584a9aac01
340266950804533248	403756462	nicotine-51a7f24f53787e40790deb34
348135763520667648	49631183	cipro-51c4925653785f584a9a8f1a
340305924453457920	239139507	prozac-51a8163853787e40790dec7a
346588526525153280	611775698	venlafaxine-51bef1575378b9555a2f3e50
348135786706780160	49631183	cipro-51c4925653785f584a9a8f1b
327326580835774464	313670239	trazodone-5178de41ac6af778c2037901
340268917882753024	1400415930	prozac-51a7f3c653787e40790deb3c
342684823833423872	218388684	cymbalta-51b0bdbb5378b9555a2ef59e
341714392804626432	96914280	vyvanse-51ad35f25378f924d02ef007
340560491258712065	407652128	prozac-51a9034b53787e40790df4c3
342091386415349760	1081686444	vyvanse-51ae952f5378f924d02efc96
344131635349950464	102075328	metoprolol-51b6012e5378b9555a2f10f8
344913859502546947	15556591	humira-51b8d9af5378b9555a2f216c
349352955989856256	59711261	humira-51c9000053785f584a9abad2
334002358977708032	384993672	lamotrigine-5191278eac6ab35b4d4843dd
333778808492654593	218298859	trazodone-5190575cac6ab35b4d4839da
341979739726168064	1246628298	seroquel-51ae2d125378f924d02ef837
341071855941210112	396383429	cymbalta-51aadfbd53787e40790e020a
340235378130841600	304524090	nicotine-51a7d482537851a451b4c84e
344592312665513984	1495459988	enbrel-51b7ae385378b9555a2f19d9
344592309725298688	1451630718	enbrel-51b7ae385378b9555a2f19d7
344222975375069185	344185680	cymbalta-51b656595378b9555a2f1313
340560441019363328	157418938	prozac-51a9034b53787e40790df4c2
345167138966876161	16166015	xarelto-51b9c5915378b9555a2f255c
348045861235855361	513161254	lozenge-51c43ead53785f584a9a8d80
342843588536827904	17761090	fluoxetine-51b1519c5378b9555a2ef8f7
340555195924746240	1345248918	prozac-51a8fe5d53787e40790df3b2
340555200773378049	316306406	prozac-51a8fe5d53787e40790df3b3
348828579955613697	28177191	enbrel-51c7179153785f584a9aa8ca
340558616014749697	412796843	prozac-51a9019a53787e40790df496
348760966831419392	882620634	quetiapine-51c6d89453785f584a9aa6a7
327549738364850176	256312949	trazodone-5179ae16ac6af778c203828e
340558674336567296	44400812	prozac-51a9019a53787e40790df497
339919101424177152	47393647	prozac-51a6ae2f5378d08eec90703e
328837534186622976	128503449	quetiapine-517e5d70ac6af778c203c416
351612374236659713	45952861	paxil-51d1382953785f584a9aec0d
341447679198507008	216066231	paxil-51ac3e3953787e40790e0a58
347261362239578112	169240678	fluoxetine-51c163f753785f584a9a7b81
340261981741260800	1436279768	nicotine-51a7ed4953787e40790deb11
347118525447536641	77162944	zyprexa-51c0df2453785f584a9a77f8
351578108786253824	112348068	rivaroxaban-51d1185c53785f584a9aeada
341256290124853248	50572903	lamictal-51ab8b8e53787e40790e05a2
340446196051091456	107695164	prozac-51a898db53787e40790df010
351477881651736578	19791257	ofloxacin-51d0baea53785f584a9ae780
347801393316376576	1020244080	eliquis-51c35ae853785f584a9a88a1
341797745549516800	431184255	baclofen-51ad83935378f924d02ef2a9
341559342526521344	45413679	quetiapine-51aca5b453787e40790e0c8c
326777403470925824	19688276	nicotrol inhaler-5176decbac6af778c203608f
349530152662876163	52336342	tysabri-51c9a50753785f584a9abf60
344266386467606528	809439366	cymbalta-51b67ed05378b9555a2f141b
332982908920938498	18184217	paxil-518d721fac6ab35b4d481cd1
352212313790627840	354688336	fluoxetine-51d366e653785f584a9afd37
327789632651685888	624198613	olanzapine-517a8d81ac6af778c2038b62
340556370808029184	404028431	prozac-51a8ff7453787e40790df42b
340556356002131969	518908452	prozac-51a8ff7453787e40790df42a
346667629777391616	490436406	rivaroxaban-51bf3b025378b9555a2f3faa
346623331916722178	1316205612	ofloxacin-51bf13775378b9555a2f3edb
344719961358479360	398165572	humira-51b8251a5378b9555a2f1c78
332117000832839680	50105111	prozac-518a4baeac6a942006b3ea7b
340544721430671360	17195280	prozac-51a8f49b53787e40790df357
342832069795274752	17331154	humira-51b146dd5378b9555a2ef8d4
341954292166561793	15556591	humira-51ae155f5378f924d02ef723
348310143181660160	311221245	humira-51c534b853785f584a9a92d5
351862383070818305	1424523649	effexor-51d2213253785f584a9af310
350357237597876224	55677589	paxil-51cca73f53785f584a9ad014
341947104299724800	15910085	prozac-51ae0ead5378f924d02ef6d3
340477927206572032	278140847	prozac-51a8b66a53787e40790df130
347469021039427584	249320440	dabigatran-51c2255c53785f584a9a8055
333813682196848640	54329315	cymbalta-519077d6ac6ab35b4d483b0a
345687108880576512	267417645	trazodone-51bba9d45378b9555a2f30c4
341957566328369152	304741970	cymbalta-51ae186b5378f924d02ef749
348540292124778497	40939023	paxil-51c60b3053785f584a9a9fa6
342390258501038080	1432322826	vyvanse-51afab655378b9555a2eef31
341309981833981952	244756359	cymbalta-51abbd5053787e40790e0709
340558536318808064	20539678	prozac-51a9017b53787e40790df490
340558547609862145	190794873	prozac-51a9017b53787e40790df491
340373292433154048	347644415	nicotine-51a854f653787e40790dee3e
343750088528633858	348690189	vyvanse-51b49dda5378b9555a2f0b69
348855425791307777	320025987	lozenge-51c7309153785f584a9aa9dc
341710153135054849	25066351	tysabri-51ad32005378f924d02eefdd
345596740910587905	126433786	lozenge-51bb55aa5378b9555a2f2eee
341726426854203392	261747908	vyvanse-51ad41855378f924d02ef060
346631270186491905	80910941	paxil-51bf19615378b9555a2f3ef1
343743102630125569	142699843	enbrel-51b4976b5378b9555a2f0b51
341817990137929728	40653723	prozac-51ad966e5378f924d02ef345
343553825912791044	409695705	vyvanse-51b3e70e5378b9555a2f090c
348828382533922818	28177191	enbrel-51c7175e53785f584a9aa8c9
341947891008548864	299146920	paxil-51ae0f905378f924d02ef6de
342233821753774080	37775335	lozenge-51af19c25378f924d02f0148
328750784500088833	519921260	alendronate-517e0ca5ac6af778c203b786
349519968217477121	22080308	seroquel-51c99b7453785f584a9abf19
342027140843335682	1476517910	seroquel-51ae59385378f924d02efa1f
344240983321485312	483264456	dabigatran-51b667055378b9555a2f1392
341074930500243456	238841462	prozac-51aae2ad53787e40790e021a
345227933901803520	862409983	liraglutide-51b9fe505378b9555a2f26b5
333946677121650688	1189999075	cipro-5190f3b3ac6ab35b4d4840da
349079028818395136	1003028666	seroquel-51c800cc53785f584a9ab185
342385881354739712	76082434	vyvanse-51afa7525378b9555a2eeefe
333018134107807744	19283938	fluoxetine-518d92edac6ab35b4d481e5b
342245695442546688	1238183270	lozenge-51af24c85378f924d02f01ba
341919865621344256	1270089631	prozac-51adf54f5378f924d02ef5bb
342425358307577857	1385649157	effexor-51afcdb65378b9555a2eefd9
342387045546725378	168186079	tysabri-51afa8675378b9555a2eef08
341774885535752192	22786329	cymbalta-51ad6e495378f924d02ef1f5
349091404930240513	1282739887	xarelto-51c80c5353785f584a9ab1d1
344653674661945344	1455839460	tysabri-51b7e75e5378b9555a2f1b4e
343233453946445824	97567146	rivaroxaban-51b2bcaf5378b9555a2f01f4
348893372469100544	59846819	enbrel-51c753f253785f584a9aab54
341924406987198464	268327984	prozac-51adf9ac5378f924d02ef5ee
332341510622302209	1216892089	cipro-518b1cc5ac6ab35b4d47fdec
347068062798843904	36758385	zyprexa-51c0b04e53785f584a9a76b2
341698783702310913	1130033071	vyvanse-51ad27925378f924d02eef7e
349326969755799552	39832178	lozenge-51c8e7d053785f584a9aba04
342078050097303554	524506171	seroquel-51ae88a15378f924d02efc2d
340314464329023489	405859285	nicotine-51a81e2953787e40790deccb
342998772105756672	272538156	humira-51b1e21e5378b9555a2efd20
342262066591174656	351298895	vyvanse-51af34345378f924d02f0254
340325837712801792	118584475	cymbalta-51a8298e53787e40790ded10
349377247339225088	287341833	humira-51c9168953785f584a9abbb9
342745776985874432	1198051242	cipro-51b0f6ad5378b9555a2ef737
329578320092094464	914863134	olanzapine-51810f59ac6af778c20419d7
349321813391704066	1543287205	paxil-51c8e2e953785f584a9ab9d1
340562670040281088	405740258	prozac-51a9055853787e40790df4f2
348599627009896448	15556591	humira-51c642da53785f584a9aa1d6
353718423064297473	326807858	trazodone-51d8e19253785f584a9b186d
340451551766274049	600981465	cipro-51a89de253787e40790df048
344827002508939264	1183956242	vyvanse-51b888ca5378b9555a2f1ec8
345624026254823424	237121375	olanzapine-51bb6f145378b9555a2f2fa6
346575368041410561	198650912	lamictal-51bee5155378b9555a2f3e1e
333799489687154688	703026481	seroquel-51906a9eac6ab35b4d483a93
345414952993034241	97567146	rivaroxaban-51baac6c5378b9555a2f2b1b
341953288285061121	586052352	cymbalta-51ae14705378f924d02ef70b
333938862600634370	139263879	cymbalta-5190ec6cac6ab35b4d484077
351125191423832067	624198613	olanzapine-51cf727053785f584a9ae0b7
333197031659167746	39844213	olanzapine-518e3989ac6ab35b4d48240e
342518568350543872	1486438724	vyvanse-51b022fe5378b9555a2ef1e9
352069700911505408	272538156	humira-51d2e24353785f584a9af8be
328217835249741825	39844213	olanzapine-517c1c4dac6af778c2039dd7
342024276129492992	14327715	prozac-51ae568d5378f924d02efa03
327789313175719936	624198613	olanzapine-517a8d35ac6af778c2038b5c
349533528146460672	1351101990	humira-51c9a82653785f584a9abf7e
332562785970049024	63881061	avelox-518bead9ac6ab35b4d48089b
347883700345782272	73355957	paxil-51c3a7a553785f584a9a8a82
349561304526241794	53712951	humira-51c9c1ff53785f584a9abfe2
349213966473510912	372078673	lozenge-51c87e9453785f584a9ab5d4
348080867496845312	141407467	paxil-51c45f7653785f584a9a8e30
340692300143419392	332369497	tysabri-51a97e4d53787e40790df842
342326445126844418	273210267	vyvanse-51af6ff75378f924d02f04a7
327741473003028480	220807004	paroxetine-517a60a7ac6af778c2038994
345547397381890049	225848172	seroquel-51bb27b65378b9555a2f2d98
345093691305779200	88564735	seroquel-51b9812f5378b9555a2f247b
332972801034182656	18610619	pregabalin-518d68b4ac6ab35b4d481c58
344253193317912576	596671977	vyvanse-51b672645378b9555a2f13d8
344979051380879361	68607604	seroquel-51b9166a5378b9555a2f22b7
351395533933395968	17331154	humira-51d06e3653785f584a9ae519
340512383955001345	357789163	prozac-51a8d67d53787e40790df255
350855673002729472	1138746240	seroquel-51ce776d53785f584a9ada55
330317678180966401	307013701	trazodone-5183bfeeac6a942006b3929a
344942908404813824	96742552	venlafaxine-51b8f4bd5378b9555a2f221c
349252454535274498	30143191	humira-51c8a25053785f584a9ab735
348457714147553280	110900953	levaquin-51c5be2753785f584a9a9a3f
344260506229547008	379501742	vyvanse-51b6794e5378b9555a2f13ff
333342169836449794	16060054	cipro-518ec0b5ac6ab35b4d482a45
347999490206216192	1344581366	fluoxetine-51c4138f53785f584a9a8cf8
353643138826510336	103793276	quetiapine-51d89b7553785f584a9b1761
342473302343831552	83715793	cymbalta-51aff8e25378b9555a2ef0e3
345578027834556416	1192000741	seroquel-51bb444b5378b9555a2f2e59
344256177779122176	406360317	vyvanse-51b675505378b9555a2f13f1
341989840398716928	1352035621	seroquel-51ae367e5378f924d02ef89a
354342711177912322	93261585	quetiapine-51db270c53785f584a9b222e
344994590815817728	47972658	humira-51b924e45378b9555a2f22e9
331826545972883457	409341288	lamotrigine-51893d2cac6a942006b3dd8f
340275567662333953	382898564	nicotine-51a7f9f053787e40790deb81
350852519934701570	17127870	humira-51ce747e53785f584a9ada3f
345579805963587589	977449884	seroquel-51bb45f15378b9555a2f2e6b
341809071080497152	293191460	humira-51ad8e2f5378f924d02ef302
345922687161491456	85870041	lozenge-51bc853e5378b9555a2f3387
347958800189362177	330127960	effexor-51c3ed8153785f584a9a8c39
341771192279105538	1480764696	vyvanse-51ad6ad95378f924d02ef1d5
351411363366703104	428650003	venlafaxine-51d07cf653785f584a9ae584
353821392384438272	729491154	trazodone-51d941d053785f584a9b1982
345260074891104257	48089533	trazodone-51ba1c1f5378b9555a2f2776
333727742677905408	112532974	cipro-519027cdac6ab35b4d4837c9
341996255213400064	472475366	seroquel-51ae3c9c5378f924d02ef8da
332397858290540544	374100224	seroquel-518b513fac6ab35b4d48002f
332988218192588800	85811110	paxil-518d7710ac6ab35b4d481d0f
342015253569216514	242076940	vyvanse-51ae4e255378f924d02ef997
353146552522518528	1292393946	latuda-51d6ccfa53785f584a9b1115
348083103367041025	63253833	saphris-51c4614e53785f584a9a8e52
348458049075294211	68285987	levaquin-51c5be7753785f584a9a9a53
328054168260595713	78857482	fluoxetine-517b83dfac6af778c20397f6
353540795590123525	573648411	fluoxetine-51d83c2453785f584a9b1591
341324494620733440	634373402	venlafaxine-51abcaf753787e40790e077a
345549620342034434	64712361	enbrel-51bb29c95378b9555a2f2dad
331383865438519297	1033700874	lamotrigine-5187a0e5ac6a942006b3ca2a
326897563217309697	1354472683	trazodone-51774eb3ac6af778c20366aa
350418647476469760	605219048	trazodone-51cce06a53785f584a9ad13b
348895818603958272	28094698	humira-51c7563d53785f584a9aab72
345471035656790016	240094239	denosumab-51bae0b75378b9555a2f2c0f
350499343540813824	64986227	alendronate-51cd2b9253785f584a9ad2d3
342646731856572416	129090181	vyvanse-51b09a7b5378b9555a2ef475
326746923396632576	1151439751	lamictal-5176c268ac6a202953c7749b
349723227444101121	28094698	humira-51ca58c153785f584a9ac321
332990941629657088	16060054	cipro-518d7999ac6ab35b4d481d30
342800591816384512	26043486	cipro-51b1298c5378b9555a2ef850
342043859523600384	1472979350	fluoxetine-51ae68ca5378f924d02efac3
344911702590099456	23315993	quetiapine-51b8d7b15378b9555a2f2167
343860814521962496	381142696	tysabri-51b5053f5378b9555a2f0d23
352936340440092673	19352924	lamotrigine-51d6093353785f584a9b0e2b
354004406896828416	437821773	quetiapine-51d9ebea53785f584a9b1ca1
342148556968300544	774035654	vyvanse-51aeca4b5378f924d02efeb9
351400933302878208	174018502	humira-51d0733e53785f584a9ae537
348144814975500288	22513648	effexor-51c49aed53785f584a9a8f3c
342048826993020929	23962050	pradaxa-51ae6d745378f924d02efafa
344896209737105409	25548482	vyvanse-51b8c94e5378b9555a2f20df
344470680961679362	440452008	vyvanse-51b73cf15378b9555a2f1758
328158014865559552	1048486693	venlafaxine-517be496ac6af778c2039b2b
341688886319271936	70031567	cipro-51ad1e605378f924d02eef20
346348329573179393	395637004	seroquel-51be11a85378b9555a2f39c9
331981886991785984	567772117	fluoxetine-5189cdd8ac6a942006b3e57d
351400394146070529	39844213	quetiapine-51d0732153785f584a9ae534
340737923777445890	356756604	seroquel-51a9a88a53787e40790df925
352038390339878913	121213096	humira-51d2c4ee53785f584a9af7d4
328202474655723522	1260902664	ofloxacin-517c0dfeac6af778c2039cfe
328896519174504449	409341288	lamotrigine-517e945fac6af778c203d13c
352936510225522688	19352924	lamotrigine-51d6095c53785f584a9b0e2f
351126697472569344	449157041	cipro-51cf73da53785f584a9ae0da
348552848730116096	19571419	paxil-51c616c153785f584a9aa041
349564105188851712	336957527	lozenge-51c9c4a653785f584a9abff0
332308454372950016	394613745	geodon-518afdfcac6ab35b4d47fc75
349177961511002113	270496365	seroquel-51c85cf053785f584a9ab45f
349336161296187392	55063378	invokana-51c8f04653785f584a9aba4d
333424999757131776	232694345	cymbalta-518f0dd9ac6ab35b4d482d67
340286540628500481	323893900	nicotine-51a8042853787e40790debd9
345607014812110848	231767568	lamictal-51bb5f3c5378b9555a2f2f28
352426412847804416	339220082	quetiapine-51d42e4c53785f584a9b00c6
349373682134695939	110564264	seroquel-51c9134153785f584a9abba0
346245541790892033	323112996	cipro-51bdb1f45378b9555a2f380b
352373166724751360	76887019	cipro-51d3fcf353785f584a9b0016
344836521192476673	102513835	vyvanse-51b891b25378b9555a2f1f19
343777549349965825	1028790151	paxil-51b4b7795378b9555a2f0bb5
344103487942057987	350603832	lamictal-51b5e6fb5378b9555a2f1057
342481261618667521	1351101990	humira-51b0003e5378b9555a2ef113
332546823447248896	83676464	cipro-518bdbfcac6ab35b4d4807b8
349141333614661632	1059329126	geodon-51c83ad353785f584a9ab309
347276920142045184	315453674	metoprolol-51c1727453785f584a9a7bb7
341752534295248897	144504221	effexor-51ad59785378f924d02ef143
347462639066157057	322409486	effient-51c21f6b53785f584a9a8031
351393013202817024	130572203	tysabri-51d06db753785f584a9ae512
350240711997788160	15781321	effexor-51cc3ab353785f584a9acd5d
353828887039451136	323112996	floxin-51d9487353785f584a9b198b
331071076161437696	19540826	venlafaxine-51867d96ac6a942006b3b18a
347485185048182784	727708014	paroxetine-51c2347a53785f584a9a80e8
331479118598246403	273421529	quetiapine-5187f99bac6a942006b3ce1b
333014107940872193	132127968	cymbalta-518d8f2dac6ab35b4d481e38
349202688950542336	323112996	cipro-51c874ef53785f584a9ab55a
332946951085645824	99207792	cymbalta-518d50a1ac6ab35b4d481b23
341683572463259649	71072973	cymbalta-51ad193f5378f924d02eeef3
343354898609471488	9957512	viibryd-51b32dc95378b9555a2f0524
347388396655755264	1442475524	lamictal-51c1da4f53785f584a9a7e5a
342342649015070720	428788997	vyvanse-51af7f135378f924d02f0570
332524625093328900	399770906	seroquel-518bc74fac6ab35b4d480662
341808582465032192	293191460	humira-51ad8dab5378f924d02ef2fd
347901459817455617	1382723923	seroquel-51c3b83253785f584a9a8ae2
345427972901175297	556435518	paxil-51bab8ad5378b9555a2f2b59
349715812195643393	50898361	humira-51ca51ee53785f584a9ac2ee
352936422690394113	19352924	lamotrigine-51d6095853785f584a9b0e2c
346054053182193665	1332737731	olanzapine-51bcff925378b9555a2f360a
342614476702494722	162397374	lamictal-51b07c5a5378b9555a2ef39d
333161437751042048	478091568	seroquel-518e1863ac6ab35b4d4822f1
345025450898231296	32174181	seroquel-51b9419c5378b9555a2f2380
329736817622536192	68861741	trazodone-5181a2f6ac6a942006b37951
341636700323344384	1260876788	humira-51aced9c53784695b04c0090
353174986690805760	242812319	venlafaxine-51d6e7c953785f584a9b1146
349468372590792704	25117902	effexor-51c96b9053785f584a9abe56
334005655155380224	183210765	fluoxetine-51912aa0ac6ab35b4d48440a
347053270272987136	372639012	ofloxacin-51c0a23953785f584a9a7670
342170584928624640	40505107	vyvanse-51aedef45378f924d02eff7e
350677352864432128	15487799	paxil-51cdd15b53785f584a9ad6d1
343545703097839616	1440330140	lozenge-51b3e0725378b9555a2f08ff
340294493112782848	21534846	nicotine-51a80bd953787e40790dec1c
352903991157456896	1061562434	olanzapine-51d5eb1353785f584a9b0cdb
332848240263327744	720908000	tysabri-518cf4b3ac6ab35b4d481623
352936664089387008	19352924	lamotrigine-51d6099453785f584a9b0e30
341704235118895104	91875614	cymbalta-51ad2c7d5378f924d02eefad
345442816945713152	97567146	rivaroxaban-51bac74d5378b9555a2f2b87
348414004630274048	28344264	fluoxetine-51c5957253785f584a9a9501
342334583456530433	412838393	vyvanse-51af778b5378f924d02f0505
351834238540185600	624198613	quetiapine-51d206ca53785f584a9af2a9
332738112079937536	214599050	paxil-518c8e22ac6ab35b4d4811ea
349252013076393985	253908692	lozenge-51c8a20d53785f584a9ab730
347309156950228993	288044573	lozenge-51c1907a53785f584a9a7c31
351410557112434688	39844213	quetiapine-51d07c3453785f584a9ae579
352936746062856192	19352924	lamotrigine-51d6099453785f584a9b0e31
352848888790654976	115524474	paxil-51d5b7e053785f584a9b0bfa
333081207036342272	175193266	seroquel-518dcdabac6ab35b4d4820a1
347634811202048000	387450664	seroquel-51c2bfc453785f584a9a84fb
